data,algorithm,split,source_row,y_true
feature selected,PyTorch_TabularMLP,Train,424,4.0661
feature selected,PyTorch_TabularMLP,Train,146,7.4684
feature selected,PyTorch_TabularMLP,Train,93,15.107
feature selected,PyTorch_TabularMLP,Train,323,9.5
feature selected,PyTorch_TabularMLP,Train,539,0.0157
feature selected,PyTorch_TabularMLP,Train,99,10.9416
feature selected,PyTorch_TabularMLP,Train,92,5.6837
feature selected,PyTorch_TabularMLP,Train,28,192.4421
feature selected,PyTorch_TabularMLP,Train,258,62
feature selected,PyTorch_TabularMLP,Train,632,190.4977
feature selected,PyTorch_TabularMLP,Train,366,11.7391
feature selected,PyTorch_TabularMLP,Train,150,7.8279
feature selected,PyTorch_TabularMLP,Train,572,121.0705
feature selected,PyTorch_TabularMLP,Train,638,208.5973
feature selected,PyTorch_TabularMLP,Train,421,1.8843
feature selected,PyTorch_TabularMLP,Train,27,188.2349
feature selected,PyTorch_TabularMLP,Train,50,99.7175
feature selected,PyTorch_TabularMLP,Train,286,16
feature selected,PyTorch_TabularMLP,Train,213,16.661
feature selected,PyTorch_TabularMLP,Train,445,1.4355
feature selected,PyTorch_TabularMLP,Train,252,31
feature selected,PyTorch_TabularMLP,Train,85,7.7779
feature selected,PyTorch_TabularMLP,Train,461,0.5271
feature selected,PyTorch_TabularMLP,Train,455,0.0117
feature selected,PyTorch_TabularMLP,Train,375,137.4459
feature selected,PyTorch_TabularMLP,Train,210,132.1477
feature selected,PyTorch_TabularMLP,Train,290,11.9
feature selected,PyTorch_TabularMLP,Train,15,186.1441
feature selected,PyTorch_TabularMLP,Train,535,1.1538
feature selected,PyTorch_TabularMLP,Train,596,4.6697
feature selected,PyTorch_TabularMLP,Train,514,0.0991
feature selected,PyTorch_TabularMLP,Train,651,168.7782
feature selected,PyTorch_TabularMLP,Train,62,67.104
feature selected,PyTorch_TabularMLP,Train,58,70.945
feature selected,PyTorch_TabularMLP,Train,78,62.2973
feature selected,PyTorch_TabularMLP,Train,274,16.7407
feature selected,PyTorch_TabularMLP,Train,418,0.0232
feature selected,PyTorch_TabularMLP,Train,522,1.1411
feature selected,PyTorch_TabularMLP,Train,516,0.3443
feature selected,PyTorch_TabularMLP,Train,633,193.6651
feature selected,PyTorch_TabularMLP,Train,656,9.8231
feature selected,PyTorch_TabularMLP,Train,431,0.1437
feature selected,PyTorch_TabularMLP,Train,51,36.1086
feature selected,PyTorch_TabularMLP,Train,497,0.7317
feature selected,PyTorch_TabularMLP,Train,425,4.3637
feature selected,PyTorch_TabularMLP,Train,331,8.9
feature selected,PyTorch_TabularMLP,Train,413,2.5006
feature selected,PyTorch_TabularMLP,Train,109,15
feature selected,PyTorch_TabularMLP,Train,42,187.2488
feature selected,PyTorch_TabularMLP,Train,75,54.9536
feature selected,PyTorch_TabularMLP,Train,432,0.1875
feature selected,PyTorch_TabularMLP,Train,626,123.9819
feature selected,PyTorch_TabularMLP,Train,480,0.1562
feature selected,PyTorch_TabularMLP,Train,222,31.2926
feature selected,PyTorch_TabularMLP,Train,442,0.0274
feature selected,PyTorch_TabularMLP,Train,460,0.4651
feature selected,PyTorch_TabularMLP,Train,21,106.0925
feature selected,PyTorch_TabularMLP,Train,55,75.5317
feature selected,PyTorch_TabularMLP,Train,291,250
feature selected,PyTorch_TabularMLP,Train,217,110.3519
feature selected,PyTorch_TabularMLP,Train,392,258.758
feature selected,PyTorch_TabularMLP,Train,544,2.5785
feature selected,PyTorch_TabularMLP,Train,203,128.8589
feature selected,PyTorch_TabularMLP,Train,305,199
feature selected,PyTorch_TabularMLP,Train,664,8.0733
feature selected,PyTorch_TabularMLP,Train,558,14.9253
feature selected,PyTorch_TabularMLP,Train,113,1
feature selected,PyTorch_TabularMLP,Train,188,10.8544
feature selected,PyTorch_TabularMLP,Train,220,10.8544
feature selected,PyTorch_TabularMLP,Train,80,64.4519
feature selected,PyTorch_TabularMLP,Train,383,50.8758
feature selected,PyTorch_TabularMLP,Train,41,187.5173
feature selected,PyTorch_TabularMLP,Train,654,2.3164
feature selected,PyTorch_TabularMLP,Train,548,3.3721
feature selected,PyTorch_TabularMLP,Train,484,0.4688
feature selected,PyTorch_TabularMLP,Train,17,182.9271
feature selected,PyTorch_TabularMLP,Train,123,1.9281
feature selected,PyTorch_TabularMLP,Train,132,10.8016
feature selected,PyTorch_TabularMLP,Train,341,1.9465
feature selected,PyTorch_TabularMLP,Train,511,1.0309
feature selected,PyTorch_TabularMLP,Train,482,0.2813
feature selected,PyTorch_TabularMLP,Train,48,107.2474
feature selected,PyTorch_TabularMLP,Train,349,8.6133
feature selected,PyTorch_TabularMLP,Train,494,0.1951
feature selected,PyTorch_TabularMLP,Train,304,199
feature selected,PyTorch_TabularMLP,Train,525,1.3279
feature selected,PyTorch_TabularMLP,Train,308,175
feature selected,PyTorch_TabularMLP,Train,4,100.6216
feature selected,PyTorch_TabularMLP,Train,437,0.625
feature selected,PyTorch_TabularMLP,Train,531,0.7582
feature selected,PyTorch_TabularMLP,Train,165,2.4016
feature selected,PyTorch_TabularMLP,Train,474,2.6613
feature selected,PyTorch_TabularMLP,Train,409,0.9991
feature selected,PyTorch_TabularMLP,Train,627,126.6968
feature selected,PyTorch_TabularMLP,Train,567,110.5493
feature selected,PyTorch_TabularMLP,Train,280,29.322
feature selected,PyTorch_TabularMLP,Train,82,59.9138
feature selected,PyTorch_TabularMLP,Train,605,11.3206
feature selected,PyTorch_TabularMLP,Train,350,9.2547
feature selected,PyTorch_TabularMLP,Train,470,1.9355
feature selected,PyTorch_TabularMLP,Train,446,1.68
feature selected,PyTorch_TabularMLP,Train,541,0.3471
feature selected,PyTorch_TabularMLP,Train,96,18.5037
feature selected,PyTorch_TabularMLP,Train,444,1.392
feature selected,PyTorch_TabularMLP,Train,154,21.2041
feature selected,PyTorch_TabularMLP,Train,582,194.643
feature selected,PyTorch_TabularMLP,Train,140,5.2675
feature selected,PyTorch_TabularMLP,Train,125,8.0539
feature selected,PyTorch_TabularMLP,Train,60,32.1593
feature selected,PyTorch_TabularMLP,Train,52,44.2483
feature selected,PyTorch_TabularMLP,Train,560,18.6576
feature selected,PyTorch_TabularMLP,Train,225,116.4338
feature selected,PyTorch_TabularMLP,Train,287,15
feature selected,PyTorch_TabularMLP,Train,403,239.2408
feature selected,PyTorch_TabularMLP,Train,158,85.5833
feature selected,PyTorch_TabularMLP,Train,389,58.658
feature selected,PyTorch_TabularMLP,Train,250,35
feature selected,PyTorch_TabularMLP,Train,361,7.7554
feature selected,PyTorch_TabularMLP,Train,234,0
feature selected,PyTorch_TabularMLP,Train,457,0.124
feature selected,PyTorch_TabularMLP,Train,66,60.1467
feature selected,PyTorch_TabularMLP,Train,523,1.2087
feature selected,PyTorch_TabularMLP,Train,639,3.6199
feature selected,PyTorch_TabularMLP,Train,390,239.6104
feature selected,PyTorch_TabularMLP,Train,369,11.7391
feature selected,PyTorch_TabularMLP,Train,360,9.5371
feature selected,PyTorch_TabularMLP,Train,215,63.7857
feature selected,PyTorch_TabularMLP,Train,98,11.6115
feature selected,PyTorch_TabularMLP,Train,207,58.5204
feature selected,PyTorch_TabularMLP,Train,464,0.6822
feature selected,PyTorch_TabularMLP,Train,208,64.3514
feature selected,PyTorch_TabularMLP,Train,538,0.0122
feature selected,PyTorch_TabularMLP,Train,276,21.2415
feature selected,PyTorch_TabularMLP,Train,264,28
feature selected,PyTorch_TabularMLP,Train,214,31.2926
feature selected,PyTorch_TabularMLP,Train,169,5.6234
feature selected,PyTorch_TabularMLP,Train,668,11.9228
feature selected,PyTorch_TabularMLP,Train,284,16.1
feature selected,PyTorch_TabularMLP,Train,168,3.4065
feature selected,PyTorch_TabularMLP,Train,293,249
feature selected,PyTorch_TabularMLP,Train,448,2.4127
feature selected,PyTorch_TabularMLP,Train,599,9.4379
feature selected,PyTorch_TabularMLP,Train,232,0
feature selected,PyTorch_TabularMLP,Train,559,18.6567
feature selected,PyTorch_TabularMLP,Train,593,4.2261
feature selected,PyTorch_TabularMLP,Train,373,153.8961
feature selected,PyTorch_TabularMLP,Train,411,1.8375
feature selected,PyTorch_TabularMLP,Train,667,11.2467
feature selected,PyTorch_TabularMLP,Train,64,62.9539
feature selected,PyTorch_TabularMLP,Train,126,8.924
feature selected,PyTorch_TabularMLP,Train,170,6.1214
feature selected,PyTorch_TabularMLP,Train,156,57.1515
feature selected,PyTorch_TabularMLP,Train,32,130
feature selected,PyTorch_TabularMLP,Train,554,23.5187
feature selected,PyTorch_TabularMLP,Train,310,160
feature selected,PyTorch_TabularMLP,Train,555,24.7525
feature selected,PyTorch_TabularMLP,Train,566,97.2533
feature selected,PyTorch_TabularMLP,Train,9,198.1857
feature selected,PyTorch_TabularMLP,Train,648,11.7647
feature selected,PyTorch_TabularMLP,Train,610,190.2757
feature selected,PyTorch_TabularMLP,Train,139,4.6607
feature selected,PyTorch_TabularMLP,Train,306,199
feature selected,PyTorch_TabularMLP,Train,428,4.562
feature selected,PyTorch_TabularMLP,Train,551,21.0396
feature selected,PyTorch_TabularMLP,Train,53,66.997
feature selected,PyTorch_TabularMLP,Train,393,231.8182
feature selected,PyTorch_TabularMLP,Train,338,0.1872
feature selected,PyTorch_TabularMLP,Train,595,4.6602
feature selected,PyTorch_TabularMLP,Train,381,203.2466
feature selected,PyTorch_TabularMLP,Train,607,188.4733
feature selected,PyTorch_TabularMLP,Train,71,12
feature selected,PyTorch_TabularMLP,Train,320,9.6
feature selected,PyTorch_TabularMLP,Train,313,110
feature selected,PyTorch_TabularMLP,Train,451,2.784
feature selected,PyTorch_TabularMLP,Train,530,0.5275
feature selected,PyTorch_TabularMLP,Train,162,1.7279
feature selected,PyTorch_TabularMLP,Train,144,7.4757
feature selected,PyTorch_TabularMLP,Train,65,64.5069
feature selected,PyTorch_TabularMLP,Train,513,1.0911
feature selected,PyTorch_TabularMLP,Train,590,3.9695
feature selected,PyTorch_TabularMLP,Train,167,3.4122
feature selected,PyTorch_TabularMLP,Train,153,8.2082
feature selected,PyTorch_TabularMLP,Train,67,58.7044
feature selected,PyTorch_TabularMLP,Train,10,189.6709
feature selected,PyTorch_TabularMLP,Train,576,194.3514
feature selected,PyTorch_TabularMLP,Train,422,2.4793
feature selected,PyTorch_TabularMLP,Train,309,170
feature selected,PyTorch_TabularMLP,Train,348,8.0216
feature selected,PyTorch_TabularMLP,Train,563,19.9014
feature selected,PyTorch_TabularMLP,Train,653,178.2805
feature selected,PyTorch_TabularMLP,Train,585,204.3982
feature selected,PyTorch_TabularMLP,Train,471,2.3226
feature selected,PyTorch_TabularMLP,Train,180,52.7921
feature selected,PyTorch_TabularMLP,Train,611,190.3014
feature selected,PyTorch_TabularMLP,Train,103,15.0427
feature selected,PyTorch_TabularMLP,Train,472,2.5161
feature selected,PyTorch_TabularMLP,Train,467,0.4355
feature selected,PyTorch_TabularMLP,Train,54,69.8308
feature selected,PyTorch_TabularMLP,Train,506,0.4892
feature selected,PyTorch_TabularMLP,Train,175,9.6674
feature selected,PyTorch_TabularMLP,Train,469,1.6452
feature selected,PyTorch_TabularMLP,Train,594,4.5061
feature selected,PyTorch_TabularMLP,Train,606,182.4439
feature selected,PyTorch_TabularMLP,Train,136,2.4124
feature selected,PyTorch_TabularMLP,Train,500,0.8782
feature selected,PyTorch_TabularMLP,Train,528,-0.0329
feature selected,PyTorch_TabularMLP,Train,356,10.9285
feature selected,PyTorch_TabularMLP,Train,101,8.3687
feature selected,PyTorch_TabularMLP,Train,176,3.9349
feature selected,PyTorch_TabularMLP,Train,407,0.1875
feature selected,PyTorch_TabularMLP,Train,508,0.7214
feature selected,PyTorch_TabularMLP,Train,277,25.3552
feature selected,PyTorch_TabularMLP,Train,439,0.8125
feature selected,PyTorch_TabularMLP,Train,316,9.8
feature selected,PyTorch_TabularMLP,Train,486,0.5937
feature selected,PyTorch_TabularMLP,Train,110,10
feature selected,PyTorch_TabularMLP,Train,44,55.2411
feature selected,PyTorch_TabularMLP,Train,452,2.832
feature selected,PyTorch_TabularMLP,Train,241,18
feature selected,PyTorch_TabularMLP,Train,195,98.0734
feature selected,PyTorch_TabularMLP,Train,182,40.2656
feature selected,PyTorch_TabularMLP,Train,351,9.76
feature selected,PyTorch_TabularMLP,Train,385,266.4502
feature selected,PyTorch_TabularMLP,Train,296,210
feature selected,PyTorch_TabularMLP,Train,478,0.0625
feature selected,PyTorch_TabularMLP,Train,399,206.4592
feature selected,PyTorch_TabularMLP,Train,155,42.7149
feature selected,PyTorch_TabularMLP,Train,299,160
feature selected,PyTorch_TabularMLP,Train,56,71.4614
feature selected,PyTorch_TabularMLP,Train,11,55.825
feature selected,PyTorch_TabularMLP,Train,178,32.7076
feature selected,PyTorch_TabularMLP,Train,603,10.7927
feature selected,PyTorch_TabularMLP,Train,663,3.9662
feature selected,PyTorch_TabularMLP,Train,5,178.1616
feature selected,PyTorch_TabularMLP,Train,263,36
feature selected,PyTorch_TabularMLP,Train,300,115
feature selected,PyTorch_TabularMLP,Train,669,4.6774
feature selected,PyTorch_TabularMLP,Train,315,0
feature selected,PyTorch_TabularMLP,Train,518,0.541
feature selected,PyTorch_TabularMLP,Train,216,75.6454
feature selected,PyTorch_TabularMLP,Train,22,169.1834
feature selected,PyTorch_TabularMLP,Train,397,178.0901
feature selected,PyTorch_TabularMLP,Train,609,190.1513
feature selected,PyTorch_TabularMLP,Train,121,14.8143
feature selected,PyTorch_TabularMLP,Train,628,128.5068
feature selected,PyTorch_TabularMLP,Train,177,15.8993
feature selected,PyTorch_TabularMLP,Train,61,45.1337
feature selected,PyTorch_TabularMLP,Train,501,0.8787
feature selected,PyTorch_TabularMLP,Train,243,17
feature selected,PyTorch_TabularMLP,Train,260,55
feature selected,PyTorch_TabularMLP,Train,504,0.3351
feature selected,PyTorch_TabularMLP,Train,649,145.2489
feature selected,PyTorch_TabularMLP,Train,127,9.7231
feature selected,PyTorch_TabularMLP,Train,510,0.9325
feature selected,PyTorch_TabularMLP,Train,69,90
feature selected,PyTorch_TabularMLP,Train,303,200
feature selected,PyTorch_TabularMLP,Train,285,16.1
feature selected,PyTorch_TabularMLP,Train,194,88.3651
feature selected,PyTorch_TabularMLP,Train,415,2.6875
feature selected,PyTorch_TabularMLP,Train,253,26
feature selected,PyTorch_TabularMLP,Train,507,0.6363
feature selected,PyTorch_TabularMLP,Train,197,16.661
feature selected,PyTorch_TabularMLP,Train,84,12.411
feature selected,PyTorch_TabularMLP,Train,495,0.439
feature selected,PyTorch_TabularMLP,Train,540,0.2479
feature selected,PyTorch_TabularMLP,Train,337,0.1123
feature selected,PyTorch_TabularMLP,Train,406,0.0568
feature selected,PyTorch_TabularMLP,Train,161,95.3006
feature selected,PyTorch_TabularMLP,Train,6,196.9007
feature selected,PyTorch_TabularMLP,Train,624,113.5747
feature selected,PyTorch_TabularMLP,Train,382,176.4069
feature selected,PyTorch_TabularMLP,Train,569,117.0022
feature selected,PyTorch_TabularMLP,Train,172,8.9135
feature selected,PyTorch_TabularMLP,Train,660,19.09
feature selected,PyTorch_TabularMLP,Train,666,11.2
feature selected,PyTorch_TabularMLP,Train,488,0.6875
feature selected,PyTorch_TabularMLP,Train,191,50.0692
feature selected,PyTorch_TabularMLP,Train,379,256.0606
feature selected,PyTorch_TabularMLP,Train,545,2.9256
feature selected,PyTorch_TabularMLP,Train,218,140.1645
feature selected,PyTorch_TabularMLP,Train,416,2.75
feature selected,PyTorch_TabularMLP,Train,288,14.5
feature selected,PyTorch_TabularMLP,Train,187,67.1065
feature selected,PyTorch_TabularMLP,Train,163,2.005
feature selected,PyTorch_TabularMLP,Train,543,2.033
feature selected,PyTorch_TabularMLP,Train,124,4.7621
feature selected,PyTorch_TabularMLP,Train,463,0.6518
feature selected,PyTorch_TabularMLP,Train,157,70.5282
feature selected,PyTorch_TabularMLP,Train,236,0
feature selected,PyTorch_TabularMLP,Train,129,11.7748
feature selected,PyTorch_TabularMLP,Train,134,4.7968
feature selected,PyTorch_TabularMLP,Train,570,120.2191
feature selected,PyTorch_TabularMLP,Train,616,32.1267
feature selected,PyTorch_TabularMLP,Train,634,177.3756
feature selected,PyTorch_TabularMLP,Train,13,164.5415
feature selected,PyTorch_TabularMLP,Train,245,15.5
feature selected,PyTorch_TabularMLP,Train,347,12.5401
feature selected,PyTorch_TabularMLP,Train,7,203.5289
feature selected,PyTorch_TabularMLP,Train,332,8.8
feature selected,PyTorch_TabularMLP,Train,196,10.8544
feature selected,PyTorch_TabularMLP,Train,330,9
feature selected,PyTorch_TabularMLP,Train,365,3.4934
feature selected,PyTorch_TabularMLP,Train,433,0.25
feature selected,PyTorch_TabularMLP,Train,489,0.7188
feature selected,PyTorch_TabularMLP,Train,363,5.2402
feature selected,PyTorch_TabularMLP,Train,70,30
feature selected,PyTorch_TabularMLP,Train,499,0.878
feature selected,PyTorch_TabularMLP,Train,36,171.4973
feature selected,PyTorch_TabularMLP,Train,211,143.58
feature selected,PyTorch_TabularMLP,Train,118,11.7251
feature selected,PyTorch_TabularMLP,Train,619,2.2624
feature selected,PyTorch_TabularMLP,Train,179,47.5037
feature selected,PyTorch_TabularMLP,Train,573,120.9294
feature selected,PyTorch_TabularMLP,Train,86,12.286
feature selected,PyTorch_TabularMLP,Train,661,12.93
feature selected,PyTorch_TabularMLP,Train,79,62.9884
feature selected,PyTorch_TabularMLP,Train,143,7.4165
feature selected,PyTorch_TabularMLP,Train,524,1.2789
feature selected,PyTorch_TabularMLP,Train,380,249.1342
feature selected,PyTorch_TabularMLP,Train,423,3.4215
feature selected,PyTorch_TabularMLP,Train,357,13.1703
feature selected,PyTorch_TabularMLP,Train,184,3.8774
feature selected,PyTorch_TabularMLP,Train,352,10.1342
feature selected,PyTorch_TabularMLP,Train,492,-0.0488
feature selected,PyTorch_TabularMLP,Train,152,8.0988
feature selected,PyTorch_TabularMLP,Train,73,2
feature selected,PyTorch_TabularMLP,Train,289,14.2
feature selected,PyTorch_TabularMLP,Train,16,187.171
feature selected,PyTorch_TabularMLP,Train,273,16.5508
feature selected,PyTorch_TabularMLP,Train,542,1.0405
feature selected,PyTorch_TabularMLP,Train,487,0.6573
feature selected,PyTorch_TabularMLP,Train,629,162.4434
feature selected,PyTorch_TabularMLP,Train,261,48
feature selected,PyTorch_TabularMLP,Train,122,14.0871
feature selected,PyTorch_TabularMLP,Train,335,0.1123
feature selected,PyTorch_TabularMLP,Train,417,2.7813
feature selected,PyTorch_TabularMLP,Train,578,199.8271
feature selected,PyTorch_TabularMLP,Train,587,207.3981
feature selected,PyTorch_TabularMLP,Train,414,2.5938
feature selected,PyTorch_TabularMLP,Train,251,34
feature selected,PyTorch_TabularMLP,Train,662,9.42
feature selected,PyTorch_TabularMLP,Train,235,0
feature selected,PyTorch_TabularMLP,Train,374,151.0303
feature selected,PyTorch_TabularMLP,Train,326,8.6
feature selected,PyTorch_TabularMLP,Train,281,30.1344
feature selected,PyTorch_TabularMLP,Train,620,4.0724
feature selected,PyTorch_TabularMLP,Train,90,20.1088
feature selected,PyTorch_TabularMLP,Train,419,0.2975
feature selected,PyTorch_TabularMLP,Train,453,2.7841
feature selected,PyTorch_TabularMLP,Train,592,3.7292
feature selected,PyTorch_TabularMLP,Train,479,0.0833
feature selected,PyTorch_TabularMLP,Train,562,19.9007
feature selected,PyTorch_TabularMLP,Train,618,33.9367
feature selected,PyTorch_TabularMLP,Train,133,7.7838
feature selected,PyTorch_TabularMLP,Train,483,0.4379
feature selected,PyTorch_TabularMLP,Train,391,261.2554
feature selected,PyTorch_TabularMLP,Train,18,180.7351
feature selected,PyTorch_TabularMLP,Train,396,160.5788
feature selected,PyTorch_TabularMLP,Train,355,10.9333
feature selected,PyTorch_TabularMLP,Train,636,202.2624
feature selected,PyTorch_TabularMLP,Train,547,3.3719
feature selected,PyTorch_TabularMLP,Train,204,10.8544
feature selected,PyTorch_TabularMLP,Train,468,1.1613
feature selected,PyTorch_TabularMLP,Train,561,19.9005
feature selected,PyTorch_TabularMLP,Train,183,56.7066
feature selected,PyTorch_TabularMLP,Train,159,90.713
feature selected,PyTorch_TabularMLP,Train,117,13.7027
feature selected,PyTorch_TabularMLP,Train,394,179.8701
feature selected,PyTorch_TabularMLP,Train,527,-0.1319
feature selected,PyTorch_TabularMLP,Train,371,7.3913
feature selected,PyTorch_TabularMLP,Train,333,8.2
feature selected,PyTorch_TabularMLP,Train,45,77.8966
feature selected,PyTorch_TabularMLP,Train,327,8.9
feature selected,PyTorch_TabularMLP,Train,536,1.1869
feature selected,PyTorch_TabularMLP,Train,671,5.4793
feature selected,PyTorch_TabularMLP,Train,623,4.9773
feature selected,PyTorch_TabularMLP,Train,221,16.661
feature selected,PyTorch_TabularMLP,Train,512,1.0682
feature selected,PyTorch_TabularMLP,Train,206,31.2926
feature selected,PyTorch_TabularMLP,Train,612,190.7779
feature selected,PyTorch_TabularMLP,Train,466,0.2074
feature selected,PyTorch_TabularMLP,Train,346,11.1176
feature selected,PyTorch_TabularMLP,Train,233,0
feature selected,PyTorch_TabularMLP,Train,532,0.9231
feature selected,PyTorch_TabularMLP,Train,370,10.8696
feature selected,PyTorch_TabularMLP,Train,475,2.6613
feature selected,PyTorch_TabularMLP,Train,87,17.4132
feature selected,PyTorch_TabularMLP,Train,534,1.088
feature selected,PyTorch_TabularMLP,Train,302,0
feature selected,PyTorch_TabularMLP,Train,665,9.5675
feature selected,PyTorch_TabularMLP,Train,314,80
feature selected,PyTorch_TabularMLP,Train,219,144.8177
feature selected,PyTorch_TabularMLP,Train,537,1.1935
feature selected,PyTorch_TabularMLP,Train,142,6.9943
feature selected,PyTorch_TabularMLP,Train,388,191.9913
feature selected,PyTorch_TabularMLP,Train,465,0.6823
feature selected,PyTorch_TabularMLP,Train,588,208.3905
feature selected,PyTorch_TabularMLP,Train,108,16.7484
feature selected,PyTorch_TabularMLP,Train,40,187.7603
feature selected,PyTorch_TabularMLP,Train,14,175.7096
feature selected,PyTorch_TabularMLP,Train,322,9.6
feature selected,PyTorch_TabularMLP,Train,438,0.7813
feature selected,PyTorch_TabularMLP,Train,622,4.5249
feature selected,PyTorch_TabularMLP,Train,440,0.8125
feature selected,PyTorch_TabularMLP,Train,384,246.5368
feature selected,PyTorch_TabularMLP,Train,185,19.2773
feature selected,PyTorch_TabularMLP,Train,192,60.0842
feature selected,PyTorch_TabularMLP,Train,105,13.9905
feature selected,PyTorch_TabularMLP,Train,223,60.2934
feature selected,PyTorch_TabularMLP,Train,581,202.7626
feature selected,PyTorch_TabularMLP,Train,30,178
feature selected,PyTorch_TabularMLP,Train,262,43
feature selected,PyTorch_TabularMLP,Train,116,12.2315
feature selected,PyTorch_TabularMLP,Train,550,18.5644
feature selected,PyTorch_TabularMLP,Train,401,222.5413
feature selected,PyTorch_TabularMLP,Train,34,143.7129
feature selected,PyTorch_TabularMLP,Train,269,14.1204
feature selected,PyTorch_TabularMLP,Train,257,62
feature selected,PyTorch_TabularMLP,Train,408,0.525
feature selected,PyTorch_TabularMLP,Train,43,35.8031
feature selected,PyTorch_TabularMLP,Train,517,0.4426
feature selected,PyTorch_TabularMLP,Train,247,11
feature selected,PyTorch_TabularMLP,Train,529,0.3956
feature selected,PyTorch_TabularMLP,Train,97,12.9034
feature selected,PyTorch_TabularMLP,Train,655,5.0188
feature selected,PyTorch_TabularMLP,Train,584,203.5592
feature selected,PyTorch_TabularMLP,Train,462,0.6512
feature selected,PyTorch_TabularMLP,Train,637,206.7873
feature selected,PyTorch_TabularMLP,Train,557,24.7571
feature selected,PyTorch_TabularMLP,Train,443,1.008
feature selected,PyTorch_TabularMLP,Train,640,5.4298
feature selected,PyTorch_TabularMLP,Train,301,99
feature selected,PyTorch_TabularMLP,Train,398,189.0305
feature selected,PyTorch_TabularMLP,Train,377,31.8134
feature selected,PyTorch_TabularMLP,Train,297,205
feature selected,PyTorch_TabularMLP,Train,230,0
feature selected,PyTorch_TabularMLP,Train,201,88.117
feature selected,PyTorch_TabularMLP,Train,454,-0.0311
feature selected,PyTorch_TabularMLP,Train,589,209.3641
feature selected,PyTorch_TabularMLP,Train,378,235.2814
feature selected,PyTorch_TabularMLP,Train,186,46.1627
feature selected,PyTorch_TabularMLP,Train,456,0.0318
feature selected,PyTorch_TabularMLP,Train,254,22
feature selected,PyTorch_TabularMLP,Train,498,0.7805
feature selected,PyTorch_TabularMLP,Train,614,28.5068
feature selected,PyTorch_TabularMLP,Train,564,19.9019
feature selected,PyTorch_TabularMLP,Train,386,265.5844
feature selected,PyTorch_TabularMLP,Train,459,0.3721
feature selected,PyTorch_TabularMLP,Train,295,225
feature selected,PyTorch_TabularMLP,Train,450,2.74
feature selected,PyTorch_TabularMLP,Train,339,0.1497
feature selected,PyTorch_TabularMLP,Train,23,185.6084
feature selected,PyTorch_TabularMLP,Train,345,10.3316
feature selected,PyTorch_TabularMLP,Train,342,3.5187
feature selected,PyTorch_TabularMLP,Train,102,14.3145
feature selected,PyTorch_TabularMLP,Train,658,13.7265
feature selected,PyTorch_TabularMLP,Train,266,9.2885
feature selected,PyTorch_TabularMLP,Train,202,105.5386
feature selected,PyTorch_TabularMLP,Train,33,75
feature selected,PyTorch_TabularMLP,Train,672,7.9032
feature selected,PyTorch_TabularMLP,Train,577,199.826
feature selected,PyTorch_TabularMLP,Train,112,2
feature selected,PyTorch_TabularMLP,Train,94,12.6758
feature selected,PyTorch_TabularMLP,Train,47,100.5808
feature selected,PyTorch_TabularMLP,Train,26,184.3807
feature selected,PyTorch_TabularMLP,Train,552,21.0401
feature selected,PyTorch_TabularMLP,Train,317,9.7
feature selected,PyTorch_TabularMLP,Train,128,10.5788
feature selected,PyTorch_TabularMLP,Train,198,31.2926
feature selected,PyTorch_TabularMLP,Train,354,10.8798
feature selected,PyTorch_TabularMLP,Train,37,175.4161
feature selected,PyTorch_TabularMLP,Train,193,82.2821
feature selected,PyTorch_TabularMLP,Train,88,17.5699
feature selected,PyTorch_TabularMLP,Train,275,15.5572
feature selected,PyTorch_TabularMLP,Train,111,5
feature selected,PyTorch_TabularMLP,Train,268,12.5684
feature selected,PyTorch_TabularMLP,Train,267,11.5498
feature selected,PyTorch_TabularMLP,Train,20,37.4042
feature selected,PyTorch_TabularMLP,Train,312,148
feature selected,PyTorch_TabularMLP,Train,3,45.9523
feature selected,PyTorch_TabularMLP,Train,402,229.0834
feature selected,PyTorch_TabularMLP,Train,344,8.8717
feature selected,PyTorch_TabularMLP,Train,644,6.7873
feature selected,PyTorch_TabularMLP,Train,120,12.3402
feature selected,PyTorch_TabularMLP,Train,359,11.4585
feature selected,PyTorch_TabularMLP,Train,364,4.7511
feature selected,PyTorch_TabularMLP,Train,83,4.2137
feature selected,PyTorch_TabularMLP,Train,519,0.7869
feature selected,PyTorch_TabularMLP,Train,231,0
feature selected,PyTorch_TabularMLP,Train,141,6.4234
feature selected,PyTorch_TabularMLP,Train,410,1.375
feature selected,PyTorch_TabularMLP,Train,279,28.4955
feature selected,PyTorch_TabularMLP,Train,228,0
feature selected,PyTorch_TabularMLP,Train,224,79.7532
feature selected,PyTorch_TabularMLP,Train,95,19.3671
feature selected,PyTorch_TabularMLP,Train,248,35
feature selected,PyTorch_TabularMLP,Train,31,145
feature selected,PyTorch_TabularMLP,Train,81,56.3548
feature selected,PyTorch_TabularMLP,Train,568,114.8951
feature selected,PyTorch_TabularMLP,Train,553,23.5149
feature selected,PyTorch_TabularMLP,Train,449,2.736
feature selected,PyTorch_TabularMLP,Train,387,240.4761
feature selected,PyTorch_TabularMLP,Train,174,9.5591
feature selected,PyTorch_TabularMLP,Train,630,175.1131
feature selected,PyTorch_TabularMLP,Train,240,18
feature selected,PyTorch_TabularMLP,Train,358,13.9039
feature selected,PyTorch_TabularMLP,Train,19,182.1148
feature selected,PyTorch_TabularMLP,Train,645,8.5973
feature selected,PyTorch_TabularMLP,Train,189,16.661
feature selected,PyTorch_TabularMLP,Train,643,8.5973
feature selected,PyTorch_TabularMLP,Train,63,73.8302
feature selected,PyTorch_TabularMLP,Train,205,16.661
feature selected,PyTorch_TabularMLP,Train,325,8.8
feature selected,PyTorch_TabularMLP,Train,329,9.2
feature selected,PyTorch_TabularMLP,Train,368,15.2174
feature selected,PyTorch_TabularMLP,Train,321,9.6
feature selected,PyTorch_TabularMLP,Train,565,19.9022
feature selected,PyTorch_TabularMLP,Train,77,62.9884
feature selected,PyTorch_TabularMLP,Train,674,4.8387
feature selected,PyTorch_TabularMLP,Train,190,31.2926
feature selected,PyTorch_TabularMLP,Train,546,3.124
feature selected,PyTorch_TabularMLP,Train,580,201.6556
feature selected,PyTorch_TabularMLP,Train,328,9
feature selected,PyTorch_TabularMLP,Train,343,6.4011
feature selected,PyTorch_TabularMLP,Train,324,8
feature selected,PyTorch_TabularMLP,Train,35,163.7025
feature selected,PyTorch_TabularMLP,Train,657,12.7399
feature selected,PyTorch_TabularMLP,Train,400,213.0824
feature selected,PyTorch_TabularMLP,Train,298,198
feature selected,PyTorch_TabularMLP,Train,509,0.8453
feature selected,PyTorch_TabularMLP,Train,426,4.4132
feature selected,PyTorch_TabularMLP,Train,119,13.7934
feature selected,PyTorch_TabularMLP,Train,642,7.6923
feature selected,PyTorch_TabularMLP,Train,74,53.0534
feature selected,PyTorch_TabularMLP,Train,602,10.7843
feature selected,PyTorch_TabularMLP,Train,574,177.8478
feature selected,PyTorch_TabularMLP,Train,106,15.3742
feature selected,PyTorch_TabularMLP,Test,458,0.186
feature selected,PyTorch_TabularMLP,Test,641,7.2398
feature selected,PyTorch_TabularMLP,Test,318,9.6
feature selected,PyTorch_TabularMLP,Test,436,0.5022
feature selected,PyTorch_TabularMLP,Test,283,16.2
feature selected,PyTorch_TabularMLP,Test,24,190.4266
feature selected,PyTorch_TabularMLP,Test,473,2.613
feature selected,PyTorch_TabularMLP,Test,29,189
feature selected,PyTorch_TabularMLP,Test,282,16.3
feature selected,PyTorch_TabularMLP,Test,362,6.4279
feature selected,PyTorch_TabularMLP,Test,104,11.6415
feature selected,PyTorch_TabularMLP,Test,617,33.0317
feature selected,PyTorch_TabularMLP,Test,229,0
feature selected,PyTorch_TabularMLP,Test,404,250.7447
feature selected,PyTorch_TabularMLP,Test,209,111.1716
feature selected,PyTorch_TabularMLP,Test,613,190.898
feature selected,PyTorch_TabularMLP,Test,621,4.5249
feature selected,PyTorch_TabularMLP,Test,604,10.9963
feature selected,PyTorch_TabularMLP,Test,659,15.0992
feature selected,PyTorch_TabularMLP,Test,600,9.8831
feature selected,PyTorch_TabularMLP,Test,670,5.4838
feature selected,PyTorch_TabularMLP,Test,526,-0.2037
feature selected,PyTorch_TabularMLP,Test,115,13.052
feature selected,PyTorch_TabularMLP,Test,635,192.7602
feature selected,PyTorch_TabularMLP,Test,434,0.2912
feature selected,PyTorch_TabularMLP,Test,59,68.9452
feature selected,PyTorch_TabularMLP,Test,503,0.2767
feature selected,PyTorch_TabularMLP,Test,631,185.9728
feature selected,PyTorch_TabularMLP,Test,270,15.1055
feature selected,PyTorch_TabularMLP,Test,259,58
feature selected,PyTorch_TabularMLP,Test,625,120.8145
feature selected,PyTorch_TabularMLP,Test,367,16.087
feature selected,PyTorch_TabularMLP,Test,336,0.1123
feature selected,PyTorch_TabularMLP,Test,226,145.1216
feature selected,PyTorch_TabularMLP,Test,477,2.7581
feature selected,PyTorch_TabularMLP,Test,181,18.4769
feature selected,PyTorch_TabularMLP,Test,427,4.5124
feature selected,PyTorch_TabularMLP,Test,294,249
feature selected,PyTorch_TabularMLP,Test,8,206.3056
feature selected,PyTorch_TabularMLP,Test,238,0
feature selected,PyTorch_TabularMLP,Test,533,1.0549
feature selected,PyTorch_TabularMLP,Test,586,206.4247
feature selected,PyTorch_TabularMLP,Test,160,89.7899
feature selected,PyTorch_TabularMLP,Test,505,0.4294
feature selected,PyTorch_TabularMLP,Test,272,16.0074
feature selected,PyTorch_TabularMLP,Test,12,106.0565
feature selected,PyTorch_TabularMLP,Test,598,9.1233
feature selected,PyTorch_TabularMLP,Test,138,4.1633
feature selected,PyTorch_TabularMLP,Test,652,175.5656
feature selected,PyTorch_TabularMLP,Test,485,0.5314
feature selected,PyTorch_TabularMLP,Test,646,9.9547
feature selected,PyTorch_TabularMLP,Test,583,202.3422
feature selected,PyTorch_TabularMLP,Test,200,64.3502
feature selected,PyTorch_TabularMLP,Test,237,0
feature selected,PyTorch_TabularMLP,Test,591,4.8793
feature selected,PyTorch_TabularMLP,Test,265,12
feature selected,PyTorch_TabularMLP,Test,76,59.3029
feature selected,PyTorch_TabularMLP,Test,57,69.7061
feature selected,PyTorch_TabularMLP,Test,307,180
feature selected,PyTorch_TabularMLP,Test,46,99.3482
feature selected,PyTorch_TabularMLP,Test,447,2.16
feature selected,PyTorch_TabularMLP,Test,481,0.2188
feature selected,PyTorch_TabularMLP,Test,597,5.0142
feature selected,PyTorch_TabularMLP,Test,520,0.7869
feature selected,PyTorch_TabularMLP,Test,148,7.5219
feature selected,PyTorch_TabularMLP,Test,412,2.25
feature selected,PyTorch_TabularMLP,Test,246,14
feature selected,PyTorch_TabularMLP,Test,255,18
feature selected,PyTorch_TabularMLP,Test,575,192.2679
feature selected,PyTorch_TabularMLP,Test,114,11.8012
feature selected,PyTorch_TabularMLP,Test,441,0.9063
feature selected,PyTorch_TabularMLP,Test,405,259.154
feature selected,PyTorch_TabularMLP,Test,278,27.2644
feature selected,PyTorch_TabularMLP,Test,430,0.125
feature selected,PyTorch_TabularMLP,Test,490,-0.453
feature selected,PyTorch_TabularMLP,Test,608,189.3702
feature selected,PyTorch_TabularMLP,Test,199,52.5128
feature selected,PyTorch_TabularMLP,Test,353,10.6981
feature selected,PyTorch_TabularMLP,Test,673,5.4839
feature selected,PyTorch_TabularMLP,Test,135,3.1846
feature selected,PyTorch_TabularMLP,Test,130,13.7867
feature selected,PyTorch_TabularMLP,Test,147,7.4193
feature selected,PyTorch_TabularMLP,Test,340,0.8984
feature selected,PyTorch_TabularMLP,Test,493,0.0876
feature selected,PyTorch_TabularMLP,Test,521,0.9836
feature selected,PyTorch_TabularMLP,Test,435,0.4375
feature selected,PyTorch_TabularMLP,Test,38,183.7787
feature selected,PyTorch_TabularMLP,Test,571,121.2021
feature selected,PyTorch_TabularMLP,Test,256,15
feature selected,PyTorch_TabularMLP,Test,496,0.5853
feature selected,PyTorch_TabularMLP,Test,601,10.6555
feature selected,PyTorch_TabularMLP,Test,173,9.3506
feature selected,PyTorch_TabularMLP,Test,212,10.8544
feature selected,PyTorch_TabularMLP,Test,311,150
feature selected,PyTorch_TabularMLP,Test,249,35
feature selected,PyTorch_TabularMLP,Test,131,10.1205
feature selected,PyTorch_TabularMLP,Test,647,11.3122
feature selected,PyTorch_TabularMLP,Test,579,200.6631
feature selected,PyTorch_TabularMLP,Test,239,18
feature selected,PyTorch_TabularMLP,Test,171,6.9537
feature selected,PyTorch_TabularMLP,Test,244,16.5
feature selected,PyTorch_TabularMLP,Test,334,4.9
feature selected,PyTorch_TabularMLP,Test,89,19.6706
feature selected,PyTorch_TabularMLP,Test,137,1.8648
feature selected,PyTorch_TabularMLP,Test,107,12.3805
feature selected,PyTorch_TabularMLP,Test,376,122.7272
feature selected,PyTorch_TabularMLP,Test,91,5.3316
feature selected,PyTorch_TabularMLP,Test,25,187.3878
feature selected,PyTorch_TabularMLP,Test,319,9.6
feature selected,PyTorch_TabularMLP,Test,72,10
feature selected,PyTorch_TabularMLP,Test,164,2.3002
feature selected,PyTorch_TabularMLP,Test,49,102.0029
feature selected,PyTorch_TabularMLP,Test,395,51.7316
feature selected,PyTorch_TabularMLP,Test,650,159.7285
feature selected,PyTorch_TabularMLP,Test,149,7.6785
feature selected,PyTorch_TabularMLP,Test,242,18
feature selected,PyTorch_TabularMLP,Test,429,4.6612
feature selected,PyTorch_TabularMLP,Test,166,2.9654
feature selected,PyTorch_TabularMLP,Test,515,0.1475
feature selected,PyTorch_TabularMLP,Test,271,15.6958
feature selected,PyTorch_TabularMLP,Test,292,249
feature selected,PyTorch_TabularMLP,Test,491,-0.2089
feature selected,PyTorch_TabularMLP,Test,100,6.0072
feature selected,PyTorch_TabularMLP,Test,39,184.0091
feature selected,PyTorch_TabularMLP,Test,145,7.5232
feature selected,PyTorch_TabularMLP,Test,549,3.4711
feature selected,PyTorch_TabularMLP,Test,227,154.6933
feature selected,PyTorch_TabularMLP,Test,615,30.3167
feature selected,PyTorch_TabularMLP,Test,502,0.0911
feature selected,PyTorch_TabularMLP,Test,420,1.1893
feature selected,PyTorch_TabularMLP,Test,476,2.6625
feature selected,PyTorch_TabularMLP,Test,372,140.919
feature selected,PyTorch_TabularMLP,Test,151,8.0482
feature selected,PyTorch_TabularMLP,Test,68,59.7839
feature selected,PyTorch_TabularMLP,Test,556,24.7564
