data,algorithm,split,source_row,y_pred
feature selected,PyTorch_TabularMLP,Train,424,2.4452972412109375
feature selected,PyTorch_TabularMLP,Train,146,6.9144744873046875
feature selected,PyTorch_TabularMLP,Train,93,12.83639907836914
feature selected,PyTorch_TabularMLP,Train,323,8.724933624267578
feature selected,PyTorch_TabularMLP,Train,539,0.7744178771972656
feature selected,PyTorch_TabularMLP,Train,99,15.388202667236328
feature selected,PyTorch_TabularMLP,Train,92,9.208030700683594
feature selected,PyTorch_TabularMLP,Train,28,189.5826416015625
feature selected,PyTorch_TabularMLP,Train,258,64.55081176757812
feature selected,PyTorch_TabularMLP,Train,632,188.75564575195312
feature selected,PyTorch_TabularMLP,Train,366,13.581611633300781
feature selected,PyTorch_TabularMLP,Train,150,8.000068664550781
feature selected,PyTorch_TabularMLP,Train,572,121.67538452148438
feature selected,PyTorch_TabularMLP,Train,638,208.82098388671875
feature selected,PyTorch_TabularMLP,Train,421,2.273376465
feature selected,PyTorch_TabularMLP,Train,27,189.4610595703125
feature selected,PyTorch_TabularMLP,Train,50,75.28659057617188
feature selected,PyTorch_TabularMLP,Train,286,19.30435562133789
feature selected,PyTorch_TabularMLP,Train,213,20.132431030273438
feature selected,PyTorch_TabularMLP,Train,445,1.8469009399414062
feature selected,PyTorch_TabularMLP,Train,252,29.287302017211914
feature selected,PyTorch_TabularMLP,Train,85,12.863346099853516
feature selected,PyTorch_TabularMLP,Train,461,1.413482666015625
feature selected,PyTorch_TabularMLP,Train,455,1.0784416198730469
feature selected,PyTorch_TabularMLP,Train,375,138.7409668
feature selected,PyTorch_TabularMLP,Train,210,123.00267791748047
feature selected,PyTorch_TabularMLP,Train,290,10.54952621459961
feature selected,PyTorch_TabularMLP,Train,15,188.61734008789062
feature selected,PyTorch_TabularMLP,Train,535,1.3285942077636719
feature selected,PyTorch_TabularMLP,Train,596,7.306430816650391
feature selected,PyTorch_TabularMLP,Train,514,0.4308891296386719
feature selected,PyTorch_TabularMLP,Train,651,166.77774047851562
feature selected,PyTorch_TabularMLP,Train,62,72.98107147216797
feature selected,PyTorch_TabularMLP,Train,58,73.62500762939453
feature selected,PyTorch_TabularMLP,Train,78,64.68626403808594
feature selected,PyTorch_TabularMLP,Train,274,18.108184814453125
feature selected,PyTorch_TabularMLP,Train,418,1.3817291259765625
feature selected,PyTorch_TabularMLP,Train,522,1.653472900390625
feature selected,PyTorch_TabularMLP,Train,516,0.811096191
feature selected,PyTorch_TabularMLP,Train,633,198.98300170898438
feature selected,PyTorch_TabularMLP,Train,656,10.00387954711914
feature selected,PyTorch_TabularMLP,Train,431,1.1572227478027344
feature selected,PyTorch_TabularMLP,Train,51,39.16955566
feature selected,PyTorch_TabularMLP,Train,497,1.2875175476074219
feature selected,PyTorch_TabularMLP,Train,425,2.467468262
feature selected,PyTorch_TabularMLP,Train,331,8.774284362792969
feature selected,PyTorch_TabularMLP,Train,413,2.3233909606933594
feature selected,PyTorch_TabularMLP,Train,109,14.632392883300781
feature selected,PyTorch_TabularMLP,Train,42,186.80514526367188
feature selected,PyTorch_TabularMLP,Train,75,59.80588912963867
feature selected,PyTorch_TabularMLP,Train,432,1.2800941467285156
feature selected,PyTorch_TabularMLP,Train,626,126.39657592773438
feature selected,PyTorch_TabularMLP,Train,480,0.9306564331054688
feature selected,PyTorch_TabularMLP,Train,222,30.27967643737793
feature selected,PyTorch_TabularMLP,Train,442,1.1155433654785156
feature selected,PyTorch_TabularMLP,Train,460,1.3617362976074219
feature selected,PyTorch_TabularMLP,Train,21,103.5060806274414
feature selected,PyTorch_TabularMLP,Train,55,80.04269409179688
feature selected,PyTorch_TabularMLP,Train,291,215.53915405273438
feature selected,PyTorch_TabularMLP,Train,217,111.23890686035156
feature selected,PyTorch_TabularMLP,Train,392,260.3337707519531
feature selected,PyTorch_TabularMLP,Train,544,1.9945106506347656
feature selected,PyTorch_TabularMLP,Train,203,130.8948974609375
feature selected,PyTorch_TabularMLP,Train,305,214.6635742
feature selected,PyTorch_TabularMLP,Train,664,9.750595092773438
feature selected,PyTorch_TabularMLP,Train,558,16.464927673339844
feature selected,PyTorch_TabularMLP,Train,113,1.9832382202148438
feature selected,PyTorch_TabularMLP,Train,188,8.734931945800781
feature selected,PyTorch_TabularMLP,Train,220,8.734931945800781
feature selected,PyTorch_TabularMLP,Train,80,61.97047424316406
feature selected,PyTorch_TabularMLP,Train,383,49.64348220825195
feature selected,PyTorch_TabularMLP,Train,41,188.33078002929688
feature selected,PyTorch_TabularMLP,Train,654,1.5126190185546875
feature selected,PyTorch_TabularMLP,Train,548,3.1358489990234375
feature selected,PyTorch_TabularMLP,Train,484,1.074798583984375
feature selected,PyTorch_TabularMLP,Train,17,189.13861083984375
feature selected,PyTorch_TabularMLP,Train,123,6.316017150878906
feature selected,PyTorch_TabularMLP,Train,132,12.019214630126953
feature selected,PyTorch_TabularMLP,Train,341,3.7464218139648438
feature selected,PyTorch_TabularMLP,Train,511,1.0288352966308594
feature selected,PyTorch_TabularMLP,Train,482,1.0314598083496094
feature selected,PyTorch_TabularMLP,Train,48,79.41059112548828
feature selected,PyTorch_TabularMLP,Train,349,8.853107452392578
feature selected,PyTorch_TabularMLP,Train,494,1.2203102111816406
feature selected,PyTorch_TabularMLP,Train,304,215.53915405273438
feature selected,PyTorch_TabularMLP,Train,525,1.4766159057617188
feature selected,PyTorch_TabularMLP,Train,308,205.34750366210938
feature selected,PyTorch_TabularMLP,Train,4,105.9824219
feature selected,PyTorch_TabularMLP,Train,437,1.8026504516601562
feature selected,PyTorch_TabularMLP,Train,531,0.7456779479980469
feature selected,PyTorch_TabularMLP,Train,165,3.2925453186035156
feature selected,PyTorch_TabularMLP,Train,474,3.568958282470703
feature selected,PyTorch_TabularMLP,Train,409,2.1406021118164062
feature selected,PyTorch_TabularMLP,Train,627,126.8353271484375
feature selected,PyTorch_TabularMLP,Train,567,111.21302795410156
feature selected,PyTorch_TabularMLP,Train,280,30.247337341308594
feature selected,PyTorch_TabularMLP,Train,82,65.76325225830078
feature selected,PyTorch_TabularMLP,Train,605,11.569904327392578
feature selected,PyTorch_TabularMLP,Train,350,10.020225524902344
feature selected,PyTorch_TabularMLP,Train,470,2.3967323303222656
feature selected,PyTorch_TabularMLP,Train,446,2.103973388671875
feature selected,PyTorch_TabularMLP,Train,541,1.2247428894042969
feature selected,PyTorch_TabularMLP,Train,96,15.244056701660156
feature selected,PyTorch_TabularMLP,Train,444,1.6645011901855469
feature selected,PyTorch_TabularMLP,Train,154,30.21853256225586
feature selected,PyTorch_TabularMLP,Train,582,195.68356323242188
feature selected,PyTorch_TabularMLP,Train,140,5.838714599609375
feature selected,PyTorch_TabularMLP,Train,125,8.163326263427734
feature selected,PyTorch_TabularMLP,Train,60,33.52747344970703
feature selected,PyTorch_TabularMLP,Train,52,47.0958252
feature selected,PyTorch_TabularMLP,Train,560,18.590789794921875
feature selected,PyTorch_TabularMLP,Train,225,111.23890686035156
feature selected,PyTorch_TabularMLP,Train,287,16.110904693603516
feature selected,PyTorch_TabularMLP,Train,403,234.20684814453125
feature selected,PyTorch_TabularMLP,Train,158,89.24778747558594
feature selected,PyTorch_TabularMLP,Train,389,58.24375534057617
feature selected,PyTorch_TabularMLP,Train,250,34.168087005615234
feature selected,PyTorch_TabularMLP,Train,361,7.204082489013672
feature selected,PyTorch_TabularMLP,Train,234,1.1450309753417969
feature selected,PyTorch_TabularMLP,Train,457,1.0303573608398438
feature selected,PyTorch_TabularMLP,Train,66,76.66698455810547
feature selected,PyTorch_TabularMLP,Train,523,1.9133224487304688
feature selected,PyTorch_TabularMLP,Train,639,5.126270294189453
feature selected,PyTorch_TabularMLP,Train,390,236.81915283203125
feature selected,PyTorch_TabularMLP,Train,369,13.188709259033203
feature selected,PyTorch_TabularMLP,Train,360,10.775508880615234
feature selected,PyTorch_TabularMLP,Train,215,61.36802673339844
feature selected,PyTorch_TabularMLP,Train,98,15.35280990600586
feature selected,PyTorch_TabularMLP,Train,207,61.36802673339844
feature selected,PyTorch_TabularMLP,Train,464,2.1746673583984375
feature selected,PyTorch_TabularMLP,Train,208,74.33854675292969
feature selected,PyTorch_TabularMLP,Train,538,0.5021400451660156
feature selected,PyTorch_TabularMLP,Train,276,25.83340835571289
feature selected,PyTorch_TabularMLP,Train,264,28.137727737426758
feature selected,PyTorch_TabularMLP,Train,214,30.279682159423828
feature selected,PyTorch_TabularMLP,Train,169,5.805644989013672
feature selected,PyTorch_TabularMLP,Train,668,12.357734680175781
feature selected,PyTorch_TabularMLP,Train,284,16.684673309326172
feature selected,PyTorch_TabularMLP,Train,168,5.018627166748047
feature selected,PyTorch_TabularMLP,Train,293,212.22879028320312
feature selected,PyTorch_TabularMLP,Train,448,2.2985687255859375
feature selected,PyTorch_TabularMLP,Train,599,9.710708618164062
feature selected,PyTorch_TabularMLP,Train,232,8.734931945800781
feature selected,PyTorch_TabularMLP,Train,559,18.102596282958984
feature selected,PyTorch_TabularMLP,Train,593,6.353691101074219
feature selected,PyTorch_TabularMLP,Train,373,156.5588379
feature selected,PyTorch_TabularMLP,Train,411,2.2711830139160156
feature selected,PyTorch_TabularMLP,Train,667,12.172500610351562
feature selected,PyTorch_TabularMLP,Train,64,79.91661071777344
feature selected,PyTorch_TabularMLP,Train,126,9.904243469238281
feature selected,PyTorch_TabularMLP,Train,170,7.035160064697266
feature selected,PyTorch_TabularMLP,Train,156,57.38507080078125
feature selected,PyTorch_TabularMLP,Train,32,131.19049072265625
feature selected,PyTorch_TabularMLP,Train,554,23.3717041
feature selected,PyTorch_TabularMLP,Train,310,187.02517700195312
feature selected,PyTorch_TabularMLP,Train,555,24.301252365112305
feature selected,PyTorch_TabularMLP,Train,566,101.21624755859375
feature selected,PyTorch_TabularMLP,Train,9,189.13174438476562
feature selected,PyTorch_TabularMLP,Train,648,11.812583923339844
feature selected,PyTorch_TabularMLP,Train,610,188.9702148
feature selected,PyTorch_TabularMLP,Train,139,5.706459045410156
feature selected,PyTorch_TabularMLP,Train,306,212.22879028320312
feature selected,PyTorch_TabularMLP,Train,428,2.8096466064453125
feature selected,PyTorch_TabularMLP,Train,551,20.561542510986328
feature selected,PyTorch_TabularMLP,Train,53,73.01438141
feature selected,PyTorch_TabularMLP,Train,393,232.73092651367188
feature selected,PyTorch_TabularMLP,Train,338,2.1889419555664062
feature selected,PyTorch_TabularMLP,Train,595,7.109161376953125
feature selected,PyTorch_TabularMLP,Train,381,204.66476440429688
feature selected,PyTorch_TabularMLP,Train,607,187.02572631835938
feature selected,PyTorch_TabularMLP,Train,71,8.716236114501953
feature selected,PyTorch_TabularMLP,Train,320,9.239654541015625
feature selected,PyTorch_TabularMLP,Train,313,114.93959045410156
feature selected,PyTorch_TabularMLP,Train,451,2.8178977966308594
feature selected,PyTorch_TabularMLP,Train,530,0.6554527282714844
feature selected,PyTorch_TabularMLP,Train,162,2.8772506713867188
feature selected,PyTorch_TabularMLP,Train,144,6.178901672363281
feature selected,PyTorch_TabularMLP,Train,65,78.92898559570312
feature selected,PyTorch_TabularMLP,Train,513,0.9955558776855469
feature selected,PyTorch_TabularMLP,Train,590,3.9508285522460938
feature selected,PyTorch_TabularMLP,Train,167,3.598827362060547
feature selected,PyTorch_TabularMLP,Train,153,7.687438965
feature selected,PyTorch_TabularMLP,Train,67,71.66179656982422
feature selected,PyTorch_TabularMLP,Train,10,189.43804931640625
feature selected,PyTorch_TabularMLP,Train,576,195.93804931640625
feature selected,PyTorch_TabularMLP,Train,422,2.373279571533203
feature selected,PyTorch_TabularMLP,Train,309,192.15615844726562
feature selected,PyTorch_TabularMLP,Train,348,8.192523956298828
feature selected,PyTorch_TabularMLP,Train,563,19.31255340576172
feature selected,PyTorch_TabularMLP,Train,653,176.8018035888672
feature selected,PyTorch_TabularMLP,Train,585,206.82608032226562
feature selected,PyTorch_TabularMLP,Train,471,2.6035423278808594
feature selected,PyTorch_TabularMLP,Train,180,20.10464096069336
feature selected,PyTorch_TabularMLP,Train,611,188.90872192382812
feature selected,PyTorch_TabularMLP,Train,103,15.047962188720703
feature selected,PyTorch_TabularMLP,Train,472,2.7969093322753906
feature selected,PyTorch_TabularMLP,Train,467,1.8590888977050781
feature selected,PyTorch_TabularMLP,Train,54,80.47952270507812
feature selected,PyTorch_TabularMLP,Train,506,0.575439453
feature selected,PyTorch_TabularMLP,Train,175,14.554424285888672
feature selected,PyTorch_TabularMLP,Train,469,2.0296554565429688
feature selected,PyTorch_TabularMLP,Train,594,6.725261688232422
feature selected,PyTorch_TabularMLP,Train,606,184.17800903320312
feature selected,PyTorch_TabularMLP,Train,136,4.172969818115234
feature selected,PyTorch_TabularMLP,Train,500,1.5845909118652344
feature selected,PyTorch_TabularMLP,Train,528,0.38538360595703125
feature selected,PyTorch_TabularMLP,Train,356,11.448783874511719
feature selected,PyTorch_TabularMLP,Train,101,9.044483184814453
feature selected,PyTorch_TabularMLP,Train,176,20.10464096069336
feature selected,PyTorch_TabularMLP,Train,407,1.9648628234863281
feature selected,PyTorch_TabularMLP,Train,508,0.6713485717773438
feature selected,PyTorch_TabularMLP,Train,277,25.226106643676758
feature selected,PyTorch_TabularMLP,Train,439,2.2041282653808594
feature selected,PyTorch_TabularMLP,Train,316,9.306434631347656
feature selected,PyTorch_TabularMLP,Train,486,1.1619949340820312
feature selected,PyTorch_TabularMLP,Train,110,14.16427993774414
feature selected,PyTorch_TabularMLP,Train,44,44.50835418701172
feature selected,PyTorch_TabularMLP,Train,452,2.9626426696777344
feature selected,PyTorch_TabularMLP,Train,241,18.840492248535156
feature selected,PyTorch_TabularMLP,Train,195,130.8948974609375
feature selected,PyTorch_TabularMLP,Train,182,37.00245666503906
feature selected,PyTorch_TabularMLP,Train,351,10.378143310546875
feature selected,PyTorch_TabularMLP,Train,385,262.4178771972656
feature selected,PyTorch_TabularMLP,Train,296,192.15615844726562
feature selected,PyTorch_TabularMLP,Train,478,0.5973854064941406
feature selected,PyTorch_TabularMLP,Train,399,205.7786865234375
feature selected,PyTorch_TabularMLP,Train,155,42.387508392333984
feature selected,PyTorch_TabularMLP,Train,299,158.4611053466797
feature selected,PyTorch_TabularMLP,Train,56,78.89535522460938
feature selected,PyTorch_TabularMLP,Train,11,45.68148422241211
feature selected,PyTorch_TabularMLP,Train,178,37.00245666503906
feature selected,PyTorch_TabularMLP,Train,603,11.513069152832031
feature selected,PyTorch_TabularMLP,Train,663,3.379894256591797
feature selected,PyTorch_TabularMLP,Train,5,173.38470458984375
feature selected,PyTorch_TabularMLP,Train,263,36.15443420410156
feature selected,PyTorch_TabularMLP,Train,300,114.93959045410156
feature selected,PyTorch_TabularMLP,Train,669,3.6524620056152344
feature selected,PyTorch_TabularMLP,Train,315,0.9120407104492188
feature selected,PyTorch_TabularMLP,Train,518,1.144805908203125
feature selected,PyTorch_TabularMLP,Train,216,74.33854675292969
feature selected,PyTorch_TabularMLP,Train,22,172.89793395996094
feature selected,PyTorch_TabularMLP,Train,397,177.52276611328125
feature selected,PyTorch_TabularMLP,Train,609,188.75717163085938
feature selected,PyTorch_TabularMLP,Train,121,14.243999481201172
feature selected,PyTorch_TabularMLP,Train,628,129.1777344
feature selected,PyTorch_TabularMLP,Train,177,16.78366470336914
feature selected,PyTorch_TabularMLP,Train,61,45.95170211791992
feature selected,PyTorch_TabularMLP,Train,501,1.9799995422363281
feature selected,PyTorch_TabularMLP,Train,243,19.03615951538086
feature selected,PyTorch_TabularMLP,Train,260,55.55583953857422
feature selected,PyTorch_TabularMLP,Train,504,0.397766113
feature selected,PyTorch_TabularMLP,Train,649,144.43814086914062
feature selected,PyTorch_TabularMLP,Train,127,10.306831359863281
feature selected,PyTorch_TabularMLP,Train,510,0.8747749328613281
feature selected,PyTorch_TabularMLP,Train,69,98.66464233398438
feature selected,PyTorch_TabularMLP,Train,303,214.55648803710938
feature selected,PyTorch_TabularMLP,Train,285,18.876773834228516
feature selected,PyTorch_TabularMLP,Train,194,123.00267791748047
feature selected,PyTorch_TabularMLP,Train,415,2.5315208435058594
feature selected,PyTorch_TabularMLP,Train,253,26.66478157043457
feature selected,PyTorch_TabularMLP,Train,507,0.625549316
feature selected,PyTorch_TabularMLP,Train,197,20.132431030273438
feature selected,PyTorch_TabularMLP,Train,84,9.169883728027344
feature selected,PyTorch_TabularMLP,Train,495,1.2475738525390625
feature selected,PyTorch_TabularMLP,Train,540,0.984100342
feature selected,PyTorch_TabularMLP,Train,337,1.6209068298339844
feature selected,PyTorch_TabularMLP,Train,406,1.3008155822753906
feature selected,PyTorch_TabularMLP,Train,161,98.16578674316406
feature selected,PyTorch_TabularMLP,Train,6,183.75997924804688
feature selected,PyTorch_TabularMLP,Train,624,113.85782623291016
feature selected,PyTorch_TabularMLP,Train,382,180.20492553710938
feature selected,PyTorch_TabularMLP,Train,569,117.68135070800781
feature selected,PyTorch_TabularMLP,Train,172,9.992305755615234
feature selected,PyTorch_TabularMLP,Train,660,17.90856934
feature selected,PyTorch_TabularMLP,Train,666,11.763134002685547
feature selected,PyTorch_TabularMLP,Train,488,1.3453025817871094
feature selected,PyTorch_TabularMLP,Train,191,61.36802673339844
feature selected,PyTorch_TabularMLP,Train,379,254.88778686523438
feature selected,PyTorch_TabularMLP,Train,545,2.1173248291015625
feature selected,PyTorch_TabularMLP,Train,218,123.00267791748047
feature selected,PyTorch_TabularMLP,Train,416,2.648773193359375
feature selected,PyTorch_TabularMLP,Train,288,15.67422103881836
feature selected,PyTorch_TabularMLP,Train,187,58.73479080200195
feature selected,PyTorch_TabularMLP,Train,163,2.9028396606445312
feature selected,PyTorch_TabularMLP,Train,543,1.818725586
feature selected,PyTorch_TabularMLP,Train,124,6.749568939208984
feature selected,PyTorch_TabularMLP,Train,463,1.851867676
feature selected,PyTorch_TabularMLP,Train,157,71.33386993408203
feature selected,PyTorch_TabularMLP,Train,236,0.9052238464355469
feature selected,PyTorch_TabularMLP,Train,129,11.225288391113281
feature selected,PyTorch_TabularMLP,Train,134,4.92980957
feature selected,PyTorch_TabularMLP,Train,570,119.33280944824219
feature selected,PyTorch_TabularMLP,Train,616,32.182830810546875
feature selected,PyTorch_TabularMLP,Train,634,180.50131225585938
feature selected,PyTorch_TabularMLP,Train,13,175.54449462890625
feature selected,PyTorch_TabularMLP,Train,245,16.43494415283203
feature selected,PyTorch_TabularMLP,Train,347,11.936805725097656
feature selected,PyTorch_TabularMLP,Train,7,188.564209
feature selected,PyTorch_TabularMLP,Train,332,8.782257080078125
feature selected,PyTorch_TabularMLP,Train,196,8.734931945800781
feature selected,PyTorch_TabularMLP,Train,330,8.783214569091797
feature selected,PyTorch_TabularMLP,Train,365,4.847347259521484
feature selected,PyTorch_TabularMLP,Train,433,1.409332275390625
feature selected,PyTorch_TabularMLP,Train,489,1.7089004516601562
feature selected,PyTorch_TabularMLP,Train,363,4.784568786621094
feature selected,PyTorch_TabularMLP,Train,70,25.509153366088867
feature selected,PyTorch_TabularMLP,Train,499,1.4646644592285156
feature selected,PyTorch_TabularMLP,Train,36,176.02484130859375
feature selected,PyTorch_TabularMLP,Train,211,130.8948974609375
feature selected,PyTorch_TabularMLP,Train,118,13.161563873291016
feature selected,PyTorch_TabularMLP,Train,619,1.9096565246582031
feature selected,PyTorch_TabularMLP,Train,179,58.73479080200195
feature selected,PyTorch_TabularMLP,Train,573,122.86197662353516
feature selected,PyTorch_TabularMLP,Train,86,15.050518035888672
feature selected,PyTorch_TabularMLP,Train,661,13.19461441040039
feature selected,PyTorch_TabularMLP,Train,79,65.01437377929688
feature selected,PyTorch_TabularMLP,Train,143,6.059669494628906
feature selected,PyTorch_TabularMLP,Train,524,2.113445281982422
feature selected,PyTorch_TabularMLP,Train,380,250.14627075195312
feature selected,PyTorch_TabularMLP,Train,423,2.4122085571289062
feature selected,PyTorch_TabularMLP,Train,357,12.556400299072266
feature selected,PyTorch_TabularMLP,Train,184,20.10464096069336
feature selected,PyTorch_TabularMLP,Train,352,10.505313873291016
feature selected,PyTorch_TabularMLP,Train,492,1.1007957458496094
feature selected,PyTorch_TabularMLP,Train,152,8.108703613
feature selected,PyTorch_TabularMLP,Train,73,3.3108863830566406
feature selected,PyTorch_TabularMLP,Train,289,14.98978042602539
feature selected,PyTorch_TabularMLP,Train,16,188.90884399414062
feature selected,PyTorch_TabularMLP,Train,273,17.137081146240234
feature selected,PyTorch_TabularMLP,Train,542,1.6272964477539062
feature selected,PyTorch_TabularMLP,Train,487,1.2410507202148438
feature selected,PyTorch_TabularMLP,Train,629,164.54074096679688
feature selected,PyTorch_TabularMLP,Train,261,50.84793472290039
feature selected,PyTorch_TabularMLP,Train,122,14.16427993774414
feature selected,PyTorch_TabularMLP,Train,335,0.8714714050292969
feature selected,PyTorch_TabularMLP,Train,417,2.7218856811523438
feature selected,PyTorch_TabularMLP,Train,578,201.29727172851562
feature selected,PyTorch_TabularMLP,Train,587,208.31497192382812
feature selected,PyTorch_TabularMLP,Train,414,2.428924560546875
feature selected,PyTorch_TabularMLP,Train,251,31.24513053894043
feature selected,PyTorch_TabularMLP,Train,662,9.141937255859375
feature selected,PyTorch_TabularMLP,Train,235,1.038818359
feature selected,PyTorch_TabularMLP,Train,374,153.4935302734375
feature selected,PyTorch_TabularMLP,Train,326,9.177505493164062
feature selected,PyTorch_TabularMLP,Train,281,30.469192504882812
feature selected,PyTorch_TabularMLP,Train,620,3.7966041564941406
feature selected,PyTorch_TabularMLP,Train,90,15.350826263427734
feature selected,PyTorch_TabularMLP,Train,419,2.085754395
feature selected,PyTorch_TabularMLP,Train,453,2.356842041015625
feature selected,PyTorch_TabularMLP,Train,592,5.790283203
feature selected,PyTorch_TabularMLP,Train,479,0.8776435852050781
feature selected,PyTorch_TabularMLP,Train,562,19.155426025390625
feature selected,PyTorch_TabularMLP,Train,618,29.910232543945312
feature selected,PyTorch_TabularMLP,Train,133,8.163326263427734
feature selected,PyTorch_TabularMLP,Train,483,1.0546035766601562
feature selected,PyTorch_TabularMLP,Train,391,260.15521240234375
feature selected,PyTorch_TabularMLP,Train,18,189.3673095703125
feature selected,PyTorch_TabularMLP,Train,396,163.66073608398438
feature selected,PyTorch_TabularMLP,Train,355,10.77585220336914
feature selected,PyTorch_TabularMLP,Train,636,204.61346435546875
feature selected,PyTorch_TabularMLP,Train,547,3.136425018310547
feature selected,PyTorch_TabularMLP,Train,204,8.734931945800781
feature selected,PyTorch_TabularMLP,Train,468,1.907653809
feature selected,PyTorch_TabularMLP,Train,561,18.962997436523438
feature selected,PyTorch_TabularMLP,Train,183,58.73479080200195
feature selected,PyTorch_TabularMLP,Train,159,93.62399291992188
feature selected,PyTorch_TabularMLP,Train,117,12.975448608398438
feature selected,PyTorch_TabularMLP,Train,394,182.89068603515625
feature selected,PyTorch_TabularMLP,Train,527,0.3161773681640625
feature selected,PyTorch_TabularMLP,Train,371,7.743801116943359
feature selected,PyTorch_TabularMLP,Train,333,8.795230865478516
feature selected,PyTorch_TabularMLP,Train,45,73.00862121582031
feature selected,PyTorch_TabularMLP,Train,327,9.267944336
feature selected,PyTorch_TabularMLP,Train,536,1.2728462219238281
feature selected,PyTorch_TabularMLP,Train,671,4.186092376708984
feature selected,PyTorch_TabularMLP,Train,623,5.139766693115234
feature selected,PyTorch_TabularMLP,Train,221,20.132431030273438
feature selected,PyTorch_TabularMLP,Train,512,1.1449813842773438
feature selected,PyTorch_TabularMLP,Train,206,30.27967643737793
feature selected,PyTorch_TabularMLP,Train,612,188.7425537109375
feature selected,PyTorch_TabularMLP,Train,466,1.4288711547851562
feature selected,PyTorch_TabularMLP,Train,346,11.75063705444336
feature selected,PyTorch_TabularMLP,Train,233,3.6010284423828125
feature selected,PyTorch_TabularMLP,Train,532,0.8304061889648438
feature selected,PyTorch_TabularMLP,Train,370,11.12734603881836
feature selected,PyTorch_TabularMLP,Train,475,4.041294097900391
feature selected,PyTorch_TabularMLP,Train,87,15.148700714111328
feature selected,PyTorch_TabularMLP,Train,534,1.1803665161132812
feature selected,PyTorch_TabularMLP,Train,302,0.9120407104492188
feature selected,PyTorch_TabularMLP,Train,665,11.136425018310547
feature selected,PyTorch_TabularMLP,Train,314,88.94110107421875
feature selected,PyTorch_TabularMLP,Train,219,130.8948974609375
feature selected,PyTorch_TabularMLP,Train,537,0.6568489074707031
feature selected,PyTorch_TabularMLP,Train,142,5.944366455078125
feature selected,PyTorch_TabularMLP,Train,388,192.42202758789062
feature selected,PyTorch_TabularMLP,Train,465,1.6327743530273438
feature selected,PyTorch_TabularMLP,Train,588,208.59634399414062
feature selected,PyTorch_TabularMLP,Train,108,16.130897521972656
feature selected,PyTorch_TabularMLP,Train,40,188.32748413085938
feature selected,PyTorch_TabularMLP,Train,14,183.9720458984375
feature selected,PyTorch_TabularMLP,Train,322,9.007698059082031
feature selected,PyTorch_TabularMLP,Train,438,2.0330047607421875
feature selected,PyTorch_TabularMLP,Train,622,4.269294738769531
feature selected,PyTorch_TabularMLP,Train,440,2.318675994873047
feature selected,PyTorch_TabularMLP,Train,384,243.29254150390625
feature selected,PyTorch_TabularMLP,Train,185,16.78366470336914
feature selected,PyTorch_TabularMLP,Train,192,74.33854675292969
feature selected,PyTorch_TabularMLP,Train,105,15.245735168457031
feature selected,PyTorch_TabularMLP,Train,223,61.36802673339844
feature selected,PyTorch_TabularMLP,Train,581,203.23931884765625
feature selected,PyTorch_TabularMLP,Train,30,186.80514526367188
feature selected,PyTorch_TabularMLP,Train,262,43.909786224365234
feature selected,PyTorch_TabularMLP,Train,116,12.771617889404297
feature selected,PyTorch_TabularMLP,Train,550,18.455585479736328
feature selected,PyTorch_TabularMLP,Train,401,224.69989013671875
feature selected,PyTorch_TabularMLP,Train,34,149.8637237548828
feature selected,PyTorch_TabularMLP,Train,269,13.814624786376953
feature selected,PyTorch_TabularMLP,Train,257,61.36802673339844
feature selected,PyTorch_TabularMLP,Train,408,2.063110352
feature selected,PyTorch_TabularMLP,Train,43,33.78790283203125
feature selected,PyTorch_TabularMLP,Train,517,0.9455947875976562
feature selected,PyTorch_TabularMLP,Train,247,11.10921859741211
feature selected,PyTorch_TabularMLP,Train,529,0.478485107
feature selected,PyTorch_TabularMLP,Train,97,15.302623748779297
feature selected,PyTorch_TabularMLP,Train,655,6.5704193115234375
feature selected,PyTorch_TabularMLP,Train,584,205.1702880859375
feature selected,PyTorch_TabularMLP,Train,462,1.640106201171875
feature selected,PyTorch_TabularMLP,Train,637,205.30661010742188
feature selected,PyTorch_TabularMLP,Train,557,25.722225189208984
feature selected,PyTorch_TabularMLP,Train,443,1.4822349548339844
feature selected,PyTorch_TabularMLP,Train,640,7.590000152587891
feature selected,PyTorch_TabularMLP,Train,301,88.94110107421875
feature selected,PyTorch_TabularMLP,Train,398,193.14242553710938
feature selected,PyTorch_TabularMLP,Train,377,28.291473388671875
feature selected,PyTorch_TabularMLP,Train,297,187.02517700195312
feature selected,PyTorch_TabularMLP,Train,230,1.145690918
feature selected,PyTorch_TabularMLP,Train,201,111.23890686035156
feature selected,PyTorch_TabularMLP,Train,454,1.4071388244628906
feature selected,PyTorch_TabularMLP,Train,589,208.96524047851562
feature selected,PyTorch_TabularMLP,Train,378,232.75839233398438
feature selected,PyTorch_TabularMLP,Train,186,37.00245666503906
feature selected,PyTorch_TabularMLP,Train,456,0.9941902160644531
feature selected,PyTorch_TabularMLP,Train,254,23.745399475097656
feature selected,PyTorch_TabularMLP,Train,498,1.3731498718261719
feature selected,PyTorch_TabularMLP,Train,614,28.84040641784668
feature selected,PyTorch_TabularMLP,Train,564,19.37515640258789
feature selected,PyTorch_TabularMLP,Train,386,262.1927490234375
feature selected,PyTorch_TabularMLP,Train,459,1.2831649780273438
feature selected,PyTorch_TabularMLP,Train,295,205.34750366210938
feature selected,PyTorch_TabularMLP,Train,450,2.6221389770507812
feature selected,PyTorch_TabularMLP,Train,339,3.7201461791992188
feature selected,PyTorch_TabularMLP,Train,23,183.79232788085938
feature selected,PyTorch_TabularMLP,Train,345,11.448783874511719
feature selected,PyTorch_TabularMLP,Train,342,4.506313323974609
feature selected,PyTorch_TabularMLP,Train,102,12.825508117675781
feature selected,PyTorch_TabularMLP,Train,658,13.93374252319336
feature selected,PyTorch_TabularMLP,Train,266,9.452011108398438
feature selected,PyTorch_TabularMLP,Train,202,123.00267791748047
feature selected,PyTorch_TabularMLP,Train,33,74.82625579833984
feature selected,PyTorch_TabularMLP,Train,672,4.439033508300781
feature selected,PyTorch_TabularMLP,Train,577,199.64486694335938
feature selected,PyTorch_TabularMLP,Train,112,3.2831954956054688
feature selected,PyTorch_TabularMLP,Train,94,15.04880142211914
feature selected,PyTorch_TabularMLP,Train,47,80.32610321044922
feature selected,PyTorch_TabularMLP,Train,26,189.1220703
feature selected,PyTorch_TabularMLP,Train,552,21.509925842285156
feature selected,PyTorch_TabularMLP,Train,317,9.326969146728516
feature selected,PyTorch_TabularMLP,Train,128,11.182369232177734
feature selected,PyTorch_TabularMLP,Train,198,30.27967643737793
feature selected,PyTorch_TabularMLP,Train,354,10.741657257080078
feature selected,PyTorch_TabularMLP,Train,37,178.6634063720703
feature selected,PyTorch_TabularMLP,Train,193,111.23890686035156
feature selected,PyTorch_TabularMLP,Train,88,15.239994049072266
feature selected,PyTorch_TabularMLP,Train,275,20.251380920410156
feature selected,PyTorch_TabularMLP,Train,111,6.258399963378906
feature selected,PyTorch_TabularMLP,Train,268,12.31640625
feature selected,PyTorch_TabularMLP,Train,267,12.016242980957031
feature selected,PyTorch_TabularMLP,Train,20,45.35160827636719
feature selected,PyTorch_TabularMLP,Train,312,158.4611053466797
feature selected,PyTorch_TabularMLP,Train,3,48.03982162475586
feature selected,PyTorch_TabularMLP,Train,402,226.34231567382812
feature selected,PyTorch_TabularMLP,Train,344,9.172065734863281
feature selected,PyTorch_TabularMLP,Train,644,8.048675537109375
feature selected,PyTorch_TabularMLP,Train,120,14.216190338134766
feature selected,PyTorch_TabularMLP,Train,359,12.852909088134766
feature selected,PyTorch_TabularMLP,Train,364,4.646533966064453
feature selected,PyTorch_TabularMLP,Train,83,8.071731567382812
feature selected,PyTorch_TabularMLP,Train,519,1.2330207824707031
feature selected,PyTorch_TabularMLP,Train,231,4.799354553222656
feature selected,PyTorch_TabularMLP,Train,141,5.882751465
feature selected,PyTorch_TabularMLP,Train,410,2.2344703674316406
feature selected,PyTorch_TabularMLP,Train,279,27.442201614379883
feature selected,PyTorch_TabularMLP,Train,228,0.5153694152832031
feature selected,PyTorch_TabularMLP,Train,224,74.33854675292969
feature selected,PyTorch_TabularMLP,Train,95,15.150917053222656
feature selected,PyTorch_TabularMLP,Train,248,20.132431030273438
feature selected,PyTorch_TabularMLP,Train,31,146.6506348
feature selected,PyTorch_TabularMLP,Train,81,60.49127960205078
feature selected,PyTorch_TabularMLP,Train,568,114.79190826416016
feature selected,PyTorch_TabularMLP,Train,553,22.573278427124023
feature selected,PyTorch_TabularMLP,Train,449,2.3571319580078125
feature selected,PyTorch_TabularMLP,Train,387,239.5300293
feature selected,PyTorch_TabularMLP,Train,174,11.222984313964844
feature selected,PyTorch_TabularMLP,Train,630,182.7246094
feature selected,PyTorch_TabularMLP,Train,240,15.135753631591797
feature selected,PyTorch_TabularMLP,Train,358,12.713947296142578
feature selected,PyTorch_TabularMLP,Train,19,189.6383056640625
feature selected,PyTorch_TabularMLP,Train,645,10.85744857788086
feature selected,PyTorch_TabularMLP,Train,189,20.132431030273438
feature selected,PyTorch_TabularMLP,Train,643,9.054672241210938
feature selected,PyTorch_TabularMLP,Train,63,80.45609283447266
feature selected,PyTorch_TabularMLP,Train,205,20.132431030273438
feature selected,PyTorch_TabularMLP,Train,325,9.032878875732422
feature selected,PyTorch_TabularMLP,Train,329,8.984874725341797
feature selected,PyTorch_TabularMLP,Train,368,16.93579102
feature selected,PyTorch_TabularMLP,Train,321,9.156314849853516
feature selected,PyTorch_TabularMLP,Train,565,19.441917419433594
feature selected,PyTorch_TabularMLP,Train,77,63.87300491333008
feature selected,PyTorch_TabularMLP,Train,674,5.314769744873047
feature selected,PyTorch_TabularMLP,Train,190,30.27967643737793
feature selected,PyTorch_TabularMLP,Train,546,2.7330856323242188
feature selected,PyTorch_TabularMLP,Train,580,202.80392456054688
feature selected,PyTorch_TabularMLP,Train,328,9.306434631347656
feature selected,PyTorch_TabularMLP,Train,343,5.590507507324219
feature selected,PyTorch_TabularMLP,Train,324,8.264183044433594
feature selected,PyTorch_TabularMLP,Train,35,167.60455322265625
feature selected,PyTorch_TabularMLP,Train,657,12.453666687011719
feature selected,PyTorch_TabularMLP,Train,400,214.923584
feature selected,PyTorch_TabularMLP,Train,298,186.2409668
feature selected,PyTorch_TabularMLP,Train,509,0.7034568786621094
feature selected,PyTorch_TabularMLP,Train,426,2.578685760498047
feature selected,PyTorch_TabularMLP,Train,119,13.267765045166016
feature selected,PyTorch_TabularMLP,Train,642,8.101123809814453
feature selected,PyTorch_TabularMLP,Train,74,55.369468688964844
feature selected,PyTorch_TabularMLP,Train,602,11.420059204101562
feature selected,PyTorch_TabularMLP,Train,574,180.9735107421875
feature selected,PyTorch_TabularMLP,Train,106,15.306446075439453
feature selected,PyTorch_TabularMLP,Test,458,1.194427490234375
feature selected,PyTorch_TabularMLP,Test,641,7.958736419677734
feature selected,PyTorch_TabularMLP,Test,318,9.307121276855469
feature selected,PyTorch_TabularMLP,Test,436,1.7542076110839844
feature selected,PyTorch_TabularMLP,Test,283,12.876277923583984
feature selected,PyTorch_TabularMLP,Test,24,188.60873413085938
feature selected,PyTorch_TabularMLP,Test,473,2.930816650390625
feature selected,PyTorch_TabularMLP,Test,29,192.90274047851562
feature selected,PyTorch_TabularMLP,Test,282,12.159347534179688
feature selected,PyTorch_TabularMLP,Test,362,4.892303466796875
feature selected,PyTorch_TabularMLP,Test,104,15.151187896728516
feature selected,PyTorch_TabularMLP,Test,617,32.00359344482422
feature selected,PyTorch_TabularMLP,Test,229,0.8181953430175781
feature selected,PyTorch_TabularMLP,Test,404,252.2177734
feature selected,PyTorch_TabularMLP,Test,209,111.23890686035156
feature selected,PyTorch_TabularMLP,Test,613,188.2564697265625
feature selected,PyTorch_TabularMLP,Test,621,4.1375579833984375
feature selected,PyTorch_TabularMLP,Test,604,11.539798736572266
feature selected,PyTorch_TabularMLP,Test,659,14.227184295654297
feature selected,PyTorch_TabularMLP,Test,600,10.683845520019531
feature selected,PyTorch_TabularMLP,Test,670,4.041015625
feature selected,PyTorch_TabularMLP,Test,526,0.3813018798828125
feature selected,PyTorch_TabularMLP,Test,115,12.21530532836914
feature selected,PyTorch_TabularMLP,Test,635,202.55715942382812
feature selected,PyTorch_TabularMLP,Test,434,1.600067138671875
feature selected,PyTorch_TabularMLP,Test,59,68.72779846191406
feature selected,PyTorch_TabularMLP,Test,503,0.3337745666503906
feature selected,PyTorch_TabularMLP,Test,631,187.06039428710938
feature selected,PyTorch_TabularMLP,Test,270,15.529415130615234
feature selected,PyTorch_TabularMLP,Test,259,63.67848587036133
feature selected,PyTorch_TabularMLP,Test,625,125.142334
feature selected,PyTorch_TabularMLP,Test,367,17.190998077392578
feature selected,PyTorch_TabularMLP,Test,336,1.2688331604003906
feature selected,PyTorch_TabularMLP,Test,226,123.00267791748047
feature selected,PyTorch_TabularMLP,Test,477,2.0377655029296875
feature selected,PyTorch_TabularMLP,Test,181,16.783672332763672
feature selected,PyTorch_TabularMLP,Test,427,2.6864089965820312
feature selected,PyTorch_TabularMLP,Test,294,208.62692260742188
feature selected,PyTorch_TabularMLP,Test,8,188.88510131835938
feature selected,PyTorch_TabularMLP,Test,238,1.1286277770996094
feature selected,PyTorch_TabularMLP,Test,533,0.8901023864746094
feature selected,PyTorch_TabularMLP,Test,586,207.6483154296875
feature selected,PyTorch_TabularMLP,Test,160,96.64057922363281
feature selected,PyTorch_TabularMLP,Test,505,0.4667854309082031
feature selected,PyTorch_TabularMLP,Test,272,16.500011444091797
feature selected,PyTorch_TabularMLP,Test,12,101.48873138427734
feature selected,PyTorch_TabularMLP,Test,598,6.371173858642578
feature selected,PyTorch_TabularMLP,Test,138,5.611888885498047
feature selected,PyTorch_TabularMLP,Test,652,168.0695037841797
feature selected,PyTorch_TabularMLP,Test,485,1.0886116027832031
feature selected,PyTorch_TabularMLP,Test,646,11.164554595947266
feature selected,PyTorch_TabularMLP,Test,583,202.92837524414062
feature selected,PyTorch_TabularMLP,Test,200,74.33854675292969
feature selected,PyTorch_TabularMLP,Test,237,1.1286277770996094
feature selected,PyTorch_TabularMLP,Test,591,5.224864959716797
feature selected,PyTorch_TabularMLP,Test,265,21.05408477783203
feature selected,PyTorch_TabularMLP,Test,76,63.01818084716797
feature selected,PyTorch_TabularMLP,Test,57,76.96015167236328
feature selected,PyTorch_TabularMLP,Test,307,208.62692260742188
feature selected,PyTorch_TabularMLP,Test,46,80.35455322265625
feature selected,PyTorch_TabularMLP,Test,447,2.2094154357910156
feature selected,PyTorch_TabularMLP,Test,481,0.9748611450195312
feature selected,PyTorch_TabularMLP,Test,597,7.6163177490234375
feature selected,PyTorch_TabularMLP,Test,520,1.3120994567871094
feature selected,PyTorch_TabularMLP,Test,148,7.773429870605469
feature selected,PyTorch_TabularMLP,Test,412,2.302429199
feature selected,PyTorch_TabularMLP,Test,246,14.177936553955078
feature selected,PyTorch_TabularMLP,Test,255,20.101280212402344
feature selected,PyTorch_TabularMLP,Test,575,191.25961303710938
feature selected,PyTorch_TabularMLP,Test,114,10.465900421142578
feature selected,PyTorch_TabularMLP,Test,441,1.9856529235839844
feature selected,PyTorch_TabularMLP,Test,405,262.4178771972656
feature selected,PyTorch_TabularMLP,Test,278,24.273658752441406
feature selected,PyTorch_TabularMLP,Test,430,1.0411872863769531
feature selected,PyTorch_TabularMLP,Test,490,0.6981544494628906
feature selected,PyTorch_TabularMLP,Test,608,188.048584
feature selected,PyTorch_TabularMLP,Test,199,61.36802673339844
feature selected,PyTorch_TabularMLP,Test,353,10.594051361083984
feature selected,PyTorch_TabularMLP,Test,673,4.966094970703125
feature selected,PyTorch_TabularMLP,Test,135,4.778392791748047
feature selected,PyTorch_TabularMLP,Test,130,11.425609588623047
feature selected,PyTorch_TabularMLP,Test,147,7.3688201904296875
feature selected,PyTorch_TabularMLP,Test,340,2.600086212158203
feature selected,PyTorch_TabularMLP,Test,493,1.1533279418945312
feature selected,PyTorch_TabularMLP,Test,521,1.3668746948242188
feature selected,PyTorch_TabularMLP,Test,435,1.6823463439941406
feature selected,PyTorch_TabularMLP,Test,38,181.29742431640625
feature selected,PyTorch_TabularMLP,Test,571,120.90336608886719
feature selected,PyTorch_TabularMLP,Test,256,15.580699920654297
feature selected,PyTorch_TabularMLP,Test,496,1.2713165283203125
feature selected,PyTorch_TabularMLP,Test,601,11.237812042236328
feature selected,PyTorch_TabularMLP,Test,173,10.64849853515625
feature selected,PyTorch_TabularMLP,Test,212,8.734935760498047
feature selected,PyTorch_TabularMLP,Test,311,186.2409668
feature selected,PyTorch_TabularMLP,Test,249,30.56722068786621
feature selected,PyTorch_TabularMLP,Test,131,5.645122528076172
feature selected,PyTorch_TabularMLP,Test,647,11.270702362060547
feature selected,PyTorch_TabularMLP,Test,579,202.40985107421875
feature selected,PyTorch_TabularMLP,Test,239,8.734935760498047
feature selected,PyTorch_TabularMLP,Test,171,8.242454528808594
feature selected,PyTorch_TabularMLP,Test,244,17.94808578491211
feature selected,PyTorch_TabularMLP,Test,334,8.315551758
feature selected,PyTorch_TabularMLP,Test,89,15.300113677978516
feature selected,PyTorch_TabularMLP,Test,137,4.172973633
feature selected,PyTorch_TabularMLP,Test,107,15.366031646728516
feature selected,PyTorch_TabularMLP,Test,376,112.21735382080078
feature selected,PyTorch_TabularMLP,Test,91,7.248401641845703
feature selected,PyTorch_TabularMLP,Test,25,188.88226318359375
feature selected,PyTorch_TabularMLP,Test,319,9.277790069580078
feature selected,PyTorch_TabularMLP,Test,72,3.8365440368652344
feature selected,PyTorch_TabularMLP,Test,164,3.0164527893066406
feature selected,PyTorch_TabularMLP,Test,49,77.32597351074219
feature selected,PyTorch_TabularMLP,Test,395,54.093284606933594
feature selected,PyTorch_TabularMLP,Test,650,163.46041870117188
feature selected,PyTorch_TabularMLP,Test,149,7.926025391
feature selected,PyTorch_TabularMLP,Test,242,19.646968841552734
feature selected,PyTorch_TabularMLP,Test,429,2.919799805
feature selected,PyTorch_TabularMLP,Test,166,3.4399681091308594
feature selected,PyTorch_TabularMLP,Test,515,0.6772537231445312
feature selected,PyTorch_TabularMLP,Test,271,16.321773529052734
feature selected,PyTorch_TabularMLP,Test,292,214.6635742
feature selected,PyTorch_TabularMLP,Test,491,1.0376510620117188
feature selected,PyTorch_TabularMLP,Test,100,6.928211212158203
feature selected,PyTorch_TabularMLP,Test,39,182.5780029296875
feature selected,PyTorch_TabularMLP,Test,145,6.857799530029297
feature selected,PyTorch_TabularMLP,Test,549,1.1763877868652344
feature selected,PyTorch_TabularMLP,Test,227,130.8948974609375
feature selected,PyTorch_TabularMLP,Test,615,32.47477722167969
feature selected,PyTorch_TabularMLP,Test,502,0.3139152526855469
feature selected,PyTorch_TabularMLP,Test,420,2.190662384033203
feature selected,PyTorch_TabularMLP,Test,476,4.008464813232422
feature selected,PyTorch_TabularMLP,Test,372,166.08782958984375
feature selected,PyTorch_TabularMLP,Test,151,8.043094635009766
feature selected,PyTorch_TabularMLP,Test,68,65.23332977294922
feature selected,PyTorch_TabularMLP,Test,556,24.82648468017578
