Biomass,Heating rate (℃/min),Pyrolysis temperature (℃),Pyrolysis time（h）,Modification method,C (%),H (%),O (%),N (%),Specific surface area (m2/g）,Pore volume (cm3/g）,Average pore size (nm),pH,Adsorption time (h),Adsorbent dosage (g/l),Adsorption temperature (℃),Initial concentration (mg/l)
-2.366585584,-2.567353418,1.1204189026612499,-0.380313692,-8.397159205,-3.216185445,3.338087270329806,-2.039597244,-0.077194186,-9.461759225,-3.797112879,-3.058411697,1.6648076092800086,-0.15752178,-6.760849253,0.19892277631497488,-10.55212785
12.565296343863485,1.4791458609509913,2.6734103654359473,5.746361517751144,12.99400730808062,1.963679186932795,2.5039452917739786,0.2802657106388468,7.225692725798497,8.634301772133593,-0.077640612,8.734180323519176,-6.107010814,5.8722713969449005,1.3248801417105045,0.7708978181175268,73.54286382
0.9429958913491049,-1.390704713,-11.01516854,-3.94242484,-5.932520269,-0.15270741,-8.352942216,0.3573071658492717,0.502416517,-7.469326307,-6.902494558,1.4888227302088195,-1.694577806,-0.435558618,-0.101560782,0.2567786353088855,-7.587118658
8.043701145419242,5.002690262659188,6.986458275915146,2.053884570306878,9.502976108004773,3.2003677727831823,1.4407240394071876,-4.133044384,0.35708356746139075,14.382539867118426,12.12886061303308,-9.191140145,15.254116776443679,-27.40998642,8.959439293,1.250420601094419,-7.724483751
4.434745500222349,2.2260799112874716,4.009340024056086,1.980570294783603,38.55898341628364,-0.022811439,10.143740883128812,-0.650128167,-1.107265316,9.895398016108347,1.8710792092854756,-2.703641738,6.581378155701558,-29.41215833,-3.942544558,0.1434644922688942,43.39536859720976
4.125622424883996,4.130552106107648,2.2665664591101566,3.828239987214381,34.07224619658477,0.19255002240794195,9.101227252,-0.102523268,-0.332691713,9.458541738,1.0006916775658181,1.0534776626661642,10.359313633266657,13.343220483565954,-3.263920663,0.013005091956477314,16.272278724842398
-11.66669132,3.1363136808214986,-1.435272706,4.465420236804268,-21.97701493,-0.689735788,0.6657431330139795,-1.995522462,0.3220956546435527,-5.959527899,-4.205279304,-0.304203696,4.046968554748017,4.925700588615801,-3.681205946,0.6980770057975463,-1.891022553
0.41595069557673653,-2.198150008,-0.75809077,-5.652925057,-9.990262192,0.49285218831522953,1.1944221646329922,-2.839744248,0.28417781400967784,-9.318211469,-5.545233803,0.463634545,-2.623787684,0.2983665166491368,-0.033339127,0.33798476791546433,-7.73455377
-3.501311849,3.516216170294329,2.590467052175052,0.6544000601085868,-19.04551482,3.1308412360176376,-4.240234036,-2.779237087,-2.341890309,0.6748833142833033,3.4666107993666326,0.28573441429879787,-5.124518271,4.742220556277443,-8.909024243,0.5019742101796482,2.6658280564096195
-0.14636335,-6.056326955,0.7672592329080696,-2.488236395,-24.25589394,0.000296369,-4.2777933,-1.244280178,1.6869267698842094,-4.792927626,-3.655961864,0.3727369723597108,2.4290639056248766,4.548260736272898,1.4787986021843669,0.7154615587909293,4.6411259792522355
0.4596940705401817,-6.434194253,3.6544602439696456,-0.515126343,-14.71916088,-0.731395833,-3.390979171,-2.239842021,2.2259054916592222,-2.904265009,-2.415325917,1.1399398809169567,2.1179248624385716,-6.441881651,1.0755600843601802,0.48562078634349626,9.778089957787577
9.114500352252572,-0.848329377,19.434248761789316,4.548878206633087,42.796329352544966,3.1535252976068606,-8.386710117,11.405106363381593,2.1668713335419953,27.140179155223777,25.985050238391803,11.003137113497662,9.009027168441259,-18.66485803,7.589853785432734,0.4971999316679958,34.749737977475505
-4.843096041,2.7702394239618773,-1.754329115,-0.499964073,-5.590214513,-0.668358298,0.5209975724870199,-0.075710281,-1.39984277,-5.027011023,-2.543188262,-4.921509414,-1.749275724,1.4263484614717792,11.835427201358995,0.15153220423641733,-26.33746076
2.6244463749706055,3.466259990739248,-1.000359516,2.853779094436539,-23.94509561,-2.33792016,0.4011209617804574,-1.695686057,-26.71824405,-14.5772977,-9.266784323,-2.064031456,5.845059364284936,5.302723689572322,-3.437797771,0.40998383836452934,25.699824769355452
4.087146994863145,2.772502034568062,-2.21851313,2.203262957092064,14.824453811136358,0.7341815388928327,1.7391002660097281,5.236991154714752,0.1701116202661417,0.858416167,8.517539767043907,-0.615496104,-0.44213868,7.6191448921986895,10.452480111477142,-0.176124695,37.76412344570808
6.582695894672733,-0.624813541,23.38020302394168,2.2713975085295286,16.782798317672682,1.0979041189570178,-0.319193587,3.313166045233384,1.0730588790828328,14.452502630367185,14.406927507260148,5.846756074248492,9.412673651546028,-1.237765506,6.749300490210203,0.12427376751008426,29.792628854772545
-10.01899601,2.399028926902268,-1.193283758,3.062238830545729,-14.60756268,-0.687247302,0.7830513541456602,-1.262336098,-0.291488802,-3.983985608,-3.06845467,-0.115501021,-0.047656569,-5.667681723,-3.234296188,0.4215925622073215,-2.939753595
-1.194222565,3.110904313,1.857214072845745,-0.227794368,-13.29374394,2.2359827157415064,-2.915540409,-1.768733357,-1.569413759,-0.219832047,2.1798709438566157,-0.003976472,-4.193817446,3.945266633950376,-6.126108458,0.44817658280538397,-17.61319168
0.5979840149824793,-6.734040799,2.8502765251201048,-2.204417253,-23.02552246,0.1897633294341492,-3.675465263,-1.453969306,2.411515797982517,-4.490216888,-3.314917473,0.4249286431624474,1.9900066646906345,5.119036486815048,1.2513854406320277,0.7215781767943805,6.662430496058712
-10.11148132,-6.555131217,4.284440651124621,0.17150077627851676,17.477950865934794,-1.224334415,-2.789701475,0.6098033780280263,3.095372482,-12.04487557,0.911933597,-4.519005515,4.012070075409565,4.237525753011811,-12.83667782,-7.626498635,27.01722007837129
2.7009526105474424,4.214572891990475,-0.166009789,3.8672437772405677,-13.38695077,-4.690641427,1.8655814863675664,0.39955906018571713,-2.326359311,-7.133186403,-9.678319,-1.720617256,10.128240104515804,6.117299484494196,-4.245416954,0.41625149639067616,5.968597232
2.862647618560548,8.204137078953927,-3.511908701,1.270428854425779,7.588486949612634,0.27551653422100936,-0.023132828,7.756412173766076,0.3650326166436626,-2.256978663,4.1272523417425235,-0.243896068,-1.470774381,5.782552342367961,12.348942833844198,0.21206237151326832,-31.68744846
2.05365322,5.368066767952378,0.5300208765374128,3.4082301504539823,-14.09087411,-3.62017599,3.8215347455564816,2.0637353882383302,-3.897221976,-9.130507095,-11.83629944,-2.443127721,11.983524652719098,8.074223733840743,-4.151316113,-3.380633643,40.021987158717025
-4.574547843,-4.920533745,-0.739431715,2.243431581,-1.601333476,-0.214582977,-0.102816516,-1.000404121,1.3309820627852968,10.634148772358177,2.1188514775689073,0.29066996429304753,-2.309456739,1.177895553565038,-0.151737389,0.3321661778187102,-41.68799766
2.3912460073264756,3.2982354036412604,-1.826982146,2.4927452208892813,-21.83565332,-2.076932039,0.2686569184044466,-0.675922886,-20.28018132,-12.75884296,-8.373567558,-2.713964139,3.8526795721570832,6.693659599193481,-3.119393416,0.43678853621709957,1.1789262319211042
3.137036521944369,5.685526132638301,-0.290180274,3.862819314542434,-16.16712424,-3.139332932,4.400488183583106,2.6476138565941487,-4.679205754,-11.37643452,-13.96336418,-2.407261014,10.091285354812916,8.902939975545365,-3.427523743,-5.408774552,43.439265759146956
0.4494748726174744,-2.054473662,-0.53605815,-5.744186652,-10.81396166,0.6246114706517841,1.0543054574111155,-2.529200582,0.393157215,-9.481057502,-5.429146577,0.6259453524717814,-2.331668731,-0.856640635,-1.503738671,0.24876038596425304,-10.07741995
-1.332506931,2.4645969006807404,1.6463625529261956,-0.092900096,-12.14590374,1.441458408107835,-2.461358383,-1.538510736,-1.155913293,-0.409288537,2.1594344083555708,-0.202163547,-3.668472151,-9.367840558,-5.40307866,0.5379082307779721,-8.752220548
-0.131456582,-1.914902809,-9.841764351,-3.044831681,-5.665919323,-0.068716659,-6.85803129,-0.193505843,0.6163568896307201,-4.645803042,-5.349747126,0.8585092101161135,-1.92019649,1.0643943680035193,-0.200725481,0.15666386489110112,-4.046622133
0.4471007494302827,-2.494090192,-0.933065422,-4.12565995,-9.715511969,0.47877913624560325,1.0186296075266583,-3.025293361,0.9996226066335148,-7.832647739,-5.034474664,0.8008436903640764,-2.817718171,-4.751685254,0.047566550567518746,0.31313106692986303,-8.143730058
4.24414383,-2.195554223,10.315949458492698,2.3112548941117135,15.822311428318374,1.357867899443762,-4.238318138,5.206797161732957,2.135070642651862,14.63300952539144,6.277714537,5.203804575457693,4.5862506066571465,6.274682183792075,5.095446094436793,0.7598958990462749,19.96797498769727
2.5118040583666796,4.499317424449716,0.028956803379491892,4.114694462377732,-11.60674661,-1.658875237,2.5003885643963106,1.8471374545281263,-3.944875955,-9.018451617,-10.46417805,-0.579423453,7.421319579177213,7.837898832512448,-3.126396141,-11.41221179,30.060252577977156
1.9500551130225448,4.608806658846971,-0.264760853,2.3353178759590145,-10.52712601,-2.212157756,2.119114248874689,1.3934783148274905,-2.084117472,-6.273430512,-9.65919014,-2.922337631,8.951918182810493,-5.998568504,-4.656586291,0.7227560535090329,24.79291571
-9.649141278,2.671891109,-1.011909078,2.5306463637417567,-12.36213821,-0.887173055,0.8324693402112442,-0.754140717,-0.059706468,-3.708773328,-2.769757159,0.16066954873802083,-13.41547974,2.7771123275610488,-2.584513968,0.1184238980293745,-1.895735004
2.3589843214714588,4.232632483391408,-0.297725973,3.4913808169757754,-11.25164517,-2.620229338,2.788526792882555,1.4752642483652294,-3.510542801,-8.116356936,-10.34205631,-2.129523907,8.448576080528104,8.257432103626554,-3.155936188,-5.757579624,23.18379816529244
-0.040278604,-5.448161355,2.928581481494344,-0.670558789,-16.30864596,-0.829063499,-3.528343557,-1.729058388,1.7824744851712342,-3.698988932,-2.570806489,0.9733552743518229,2.2042042522895966,-8.776064464,1.7848230459627048,0.502128865,7.715006873771482
6.121046749637536,-1.005219622,14.922997838215801,6.434129508880811,38.95839436798811,3.588667773,-6.725127052,11.400891614821104,1.4319573618315469,26.047311489261578,25.59753709351642,6.824581486477605,12.616238204241446,5.623145369603681,6.000571378566054,0.2975232513997786,37.72648110075769
-0.452782212,-1.585250997,-11.09736187,-3.210929716,-5.797931173,-0.158541239,-8.398288309,-0.204823284,0.0754446,-5.118104977,-6.139157513,1.9074094177922292,-2.227677317,3.059965029295293,-1.249211174,0.1831212521457014,-5.108518045
0.6025718629765469,1.9882309481113492,6.551882092567318,4.327833878998899,35.73674816030644,1.3625106119373551,12.068724729477934,1.3928511306678675,-2.758237386,12.740086448470777,4.749428509782828,-2.204961314,7.9307301913940345,12.021745975783798,-1.121350572,0.1321511420759929,41.647015952249454
0.4147484230624212,-5.489088945,-6.682982765,-2.274577008,-7.075883756,-0.659448514,-3.16402022,1.4480949038400266,1.6460446561530286,-4.441047196,-2.42644874,0.40892764935583226,2.464369482799804,3.7353669475770097,1.5358716764540492,0.47908404756424333,-11.70813107
2.1302331738772162,4.319522844431234,-0.141698885,3.629860320129301,-10.20170507,-2.144887681,2.2931849468496925,1.7466952468169876,-3.175966752,-6.58773342,-9.03291902,-0.922458361,7.702202226170001,7.492729267400013,-3.066957286,-7.104714595,26.365730180201922
2.3612311392541154,3.142019417902132,-1.024393217,2.8175284233076443,-19.3484544,-2.404212854,0.24347299568954772,-1.05777371,-18.3281333,-8.813582673,-6.519076408,-1.283022581,3.679707799315739,4.668511052840863,-3.097773967,0.34199218167024154,9.331677937224425
-5.913104548,3.253431882,-1.99611151,-0.620417004,-6.981927258,-0.845932911,0.8036912073055665,0.013676587643129264,-2.393021571,-6.4754352,-3.403816793,-7.983493555,-10.38990793,1.650595488435278,15.338834858503848,0.15354449411768395,-16.64932192
-10.7517829,2.5851239559741566,-1.513566444,2.6111914276463573,-13.80521059,-0.942683902,0.9311418302239225,-0.950440282,-0.317919152,-3.880980228,-3.030622539,0.14517641475510412,-13.07523766,3.294650387845178,-2.89058811,0.15134766370266634,-2.579074012
-0.311629566,2.1463327923681197,-1.872363373,-0.950910669,-7.456080433,-0.387266578,-1.014643813,-6.117809349,1.5204986929529882,-7.537389916,-4.191826256,-0.34785993,1.065007032470164,1.1473599564853427,-4.661787961,0.27248416482283994,-14.89183154
-0.864360069,-1.560351823,0.796211666,2.028670762871018,-8.570782239,-1.561101536,1.490267873163658,-0.692980984,-0.339067812,-6.404158482,-2.492604336,-0.351627073,-3.024685804,1.8196736803154088,-13.86007708,0.12172090475611339,-7.423043932
-0.554811567,1.9144116902050246,-2.115794586,-0.847615614,-7.700196039,-0.37982651,-0.973665826,-6.597987283,1.541881249403859,-7.393917199,-4.266976343,-0.431595941,1.166362008088157,1.0429451968048593,-4.908443842,0.296085016,-13.58599608
1.9890169999610168,3.111138787541027,-1.554585134,2.777138771980758,-20.23960876,-2.192047964,0.46509465347757534,-1.474969079,-19.66253851,-8.851402915,-7.157005362,-1.76663272,3.5862051091159066,5.093056592,-3.486439069,0.4212668592707354,14.308485363127724
-0.236182941,-2.315396577,-4.023910275,-4.248757299,-10.34317168,0.060425649,-1.184615072,-1.736343562,0.4030050967467046,-9.639890207,-7.131174833,0.7803565067057223,-3.124793569,3.591402182257393,-0.170377802,0.20786863839565245,-7.864467618
-8.129542261,2.743216418910878,-1.089045497,2.4493217118423116,-10.65006881,-0.366088298,0.4986960423889862,-0.642642416,0.098756374,-3.456020152,-2.186366561,-0.101755773,-0.381572089,2.622740158323245,-1.846689589,0.23259380979365704,-24.53549767
4.292355839674916,-2.304652845,11.676648567344584,3.639694178536198,16.26008701154878,2.7719830270002976,-2.774536878,8.936459346819856,2.9431990483395656,24.66797803724068,19.679956216496628,7.758317664351029,9.791425817764349,11.096032509290765,6.483425316226345,0.41753962242097103,24.147369205697434
3.124220032976826,4.045072888656661,-0.949747727,2.633318416333614,-20.76333588,-2.164715651,0.14613826103596853,-0.371356573,-23.39480908,-13.12453764,-7.812336897,-2.164707309,4.5666145125666375,4.485109655327375,-2.682525609,-0.969638974,7.420336153379105
-1.071711751,-2.076723924,1.1075826055218003,2.2165454201348327,-10.23127677,-1.187623859,1.547314643673936,-1.367678036,0.023150303658699162,-6.285621997,-2.6898043,-0.366300141,-2.669278453,-8.787412529,-4.942672375,0.23518264014634557,-7.611468478
-0.142884694,-1.594832306,-4.635696125,-1.968575463,-4.550449607,-0.052535778,-1.374167442,-0.072694442,0.36153402373985516,-8.670789931,-7.703017288,0.0152634,-1.233332762,0.1352188661627989,-0.779297677,0.14264194055260948,-2.14102985
-0.579079298,-1.35720698,-8.669503977,-3.012375803,-5.103618095,-0.021335085,-6.150040548,-0.083105147,0.035897325238177596,-4.025776081,-4.548223601,0.8185381779374021,-1.586492703,0.2560942057391134,-0.087322106,0.20477602351514484,-4.182996151
1.9470812378984883,10.768758725592368,-4.812242357,-1.193523476,4.924410720759027,0.3324840831319909,-0.365704224,8.119687392630142,-0.089369872,-5.802300616,2.107872869345181,0.16044705418952201,-1.766801018,-0.094181846,11.340290831181457,1.3392693524173536,-55.58302351
-0.665250862,-2.098610289,-2.304470107,-3.736556307,-7.505755954,0.18327707374089736,-0.963860229,-0.787156368,0.3277364111204151,-6.098893973,-4.318143228,0.1923900235249884,-2.210178604,-0.214919147,-1.141259704,0.1929904978337044,-5.97721009
-3.502194997,-2.917974384,1.0866294002854797,-0.509947281,-10.63220172,-0.606431227,-1.171545087,1.3217302667296449,1.203648353,-7.000161793,-3.32225952,-1.537141648,1.7039303444314409,-0.047643968,-5.655764122,0.19750835298857117,-6.932914563
0.465184207,-1.814527587,-10.6958944,-3.638222291,-6.108277998,-0.049136701,-7.968689139,0.1481843813601085,0.8316754419390817,-6.419469764,-6.350047101,1.3253430568344655,-2.256757469,0.6941916318371691,-0.000435823,0.20956436561970135,-5.916822587
-0.181120642,-2.071512347,0.8485015561690882,-0.791931207,-3.414254786,-4.150703498,2.4520263029189597,-0.684817481,-0.32908172,-5.014451113,-1.763042038,-1.380385319,-20.98710867,1.8700299052074782,-3.501646511,-0.005110298,-4.842637493
8.477080749550256,-0.756673537,21.02697818,4.464609990621867,27.078437650446258,3.7350224380624555,-0.985777988,13.224341599853773,2.280604509909283,33.07450187621003,25.284410618524966,11.668480042713858,8.606325376528288,-22.80571809,10.121536743835332,0.17430280866758713,36.47882806434639
-7.298033079,2.281588142073089,-0.565184699,1.8032056342966538,-7.951750772,-0.708491435,0.5757691537263256,-0.305499351,-0.425017384,-2.446702045,-1.654918364,0.1559393468144858,-21.53646862,1.1018401828645972,-1.637402037,-0.020498259,-2.107599879
1.092756419574055,-1.582604481,-4.752742427,-4.735447309,-7.235139466,0.009001211,-2.298674783,-2.571716349,0.782530271,-6.31499405,-4.861417038,0.6112761324531408,-3.748535956,-5.04985144,-1.928833603,0.22649996127224406,-11.40071344
-12.28655203,0.6940497840048367,11.139629736644366,2.639987387528379,5.872180925284523,1.0514595669113025,12.479247885835361,-3.546068223,1.3311447505358684,23.841913280100506,73.80137159374152,-13.23824549,17.85141267713434,-33.7291677,9.024712182512628,-3.350099689,51.364037111047644
-0.545778666,-2.717147778,-4.292053195,-4.309369803,-7.62253928,-0.073171823,-2.018440805,-2.831486086,0.9689713587356407,-3.637947003,-3.740392044,0.6742529045728318,-3.754438089,-4.485980019,-0.309875183,0.2194256966372588,-8.698696401
3.384391915745442,7.879758434007334,-4.211284641,1.208672501,7.342559132867368,0.12658892754354867,-0.052281362,7.768042578968987,0.5801877462489292,-2.852678953,3.569419533871252,-0.381586307,-1.64063163,-1.137689407,12.117657383677365,0.28238756,-31.72543857
2.5635780155661534,2.9826075728205206,-1.289790416,3.1614793923807163,-22.90906252,-1.684885529,0.34299987518281655,-1.591863873,-23.52327149,-10.19414077,-7.841523526,-1.65285831,3.638670137654023,5.468679533298525,-2.909691876,-3.968249698,21.450533886257965
-0.565592141,-1.853371855,1.1239757693433663,2.226479209896549,-11.11530913,-1.107381321,1.7792471620502157,-1.68145869,0.15642553334641235,-7.955496597,-3.531449067,-0.602389889,-3.054974682,-9.18316686,-5.455199559,0.3511019443433156,-9.576123507
16.959494745673737,-5.110909407,6.987343510210477,7.961977785622594,14.337774765599935,2.2581322222527205,6.405485946,-2.117631398,8.246522067,10.484902772569265,1.4166426749890784,8.460689272739238,-7.652898961,8.051813881011306,2.2514288046624706,0.5641873953273716,76.15000767
3.2558184230450182,4.129657946485216,-2.557861721,1.1831723402326457,11.434074501287258,0.4787804228026901,0.5436668653547047,5.707621996,0.081833092,-0.24771023,6.863155129322651,-0.320515783,-1.281809892,5.5900219578926995,11.347869380521683,-5.261621325,23.823261258398368
-12.13435702,-0.212599324,13.330054403938716,2.342995449782801,3.670542418722958,0.6991383965880735,12.280031439181014,-4.792581071,1.364677017075116,23.760626166822956,72.52274618,-14.4891345,17.32936064143127,-46.52426635,9.504026704367499,-4.338461292,51.23330885715256
4.7980367669704425,6.341063813724153,0.9087393828077382,6.684067427374048,37.215572601753735,-2.999006474,6.533836247028107,-0.572755995,-3.751954928,6.238803258592597,0.6675598017413259,-0.562431279,-66.03989218,9.760853040923474,-3.624137088,0.08357641,26.46334476
-8.322673057,-6.604148337,3.7239445893760115,-0.318767271,14.216817381269438,-1.050593083,-2.574490701,0.37060061327133026,2.8890853163165255,-12.4598455,-0.156800541,-4.046409037,2.887889908815182,4.378142946556067,-12.83302419,2.011018726238183,1.6650102316551827
1.6352310860454826,2.8934799128604385,-1.348824919,2.2950875143580793,-17.89158024,-2.347166704,0.19832521233328185,-0.81468929,-14.95995379,-7.708213652,-6.183940706,-1.448351221,-7.710057417,5.408194121177864,-2.777760391,0.20461039904548048,9.989911794297088
-0.811069498,-2.339778955,1.286157116929675,2.5006788916080938,-11.88457681,-2.127924846,1.8928333513494284,-1.36932733,-0.247766734,-8.318963914,-3.160279938,-0.383713576,-4.174346466,2.620343014205538,-8.818774451,0.1082588506548568,-8.788404088
-1.004414528,-2.853510318,-0.956723631,-7.469394165,-9.602399784,1.3071447190229724,-1.146754227,-4.676232603,-0.227281636,-3.235445896,-0.919780543,0.025889463337674758,-4.272747064,3.0483014946894125,-1.663391736,0.26981178818294727,-10.58185039
3.820539109799198,6.159392324347579,-2.23057922,1.418416747687032,10.011456900348975,0.978838808,0.4538542822847235,7.196711522816107,-0.179269825,-1.641345899,5.484486609792311,0.03181622,-1.000528076,5.323316367082178,11.735173893204989,2.2637570943275453,-7.416994828
1.255030796988415,-1.72679472,-3.562160753,-6.439628902,-12.16848491,0.37802256178291677,-1.654915052,-0.952283587,0.060405036622790786,-14.59131801,-8.697471321,0.3603587894298755,-2.87714455,2.7490862258847026,0.10047371550662328,0.057434399,-12.25751985
-0.466886435,-4.370493786,-7.792744397,-0.921151761,-5.159963238,-0.206985141,-3.498650225,0.8255620889282754,1.7180132977636393,-10.79613884,-9.303984412,-0.012924748,1.755621205,3.7383382937412404,0.8320332798430512,0.36424932225863604,3.008698714879625
-1.649678168,-8.713952682,-11.73309647,-1.333931601,-10.15077815,-1.470798542,-4.125581462,0.9895582159698038,2.090423226852783,-2.793114874,-4.595442302,0.9910930507509983,2.2132245397143966,-0.818929775,1.6137117279154833,0.45261349977851184,16.45126944009836
